position,total_coverage
1,24
2,24
3,24
4,24
5,24
6,24
7,24
8,24
9,24
10,24
11,24
12,24
13,24
14,24
15,24
16,24
17,24
18,24
19,24
20,24
21,24
22,24
23,24
24,24
25,24
26,24
27,24
28,24
29,24
30,24
31,24
32,24
33,24
34,24
35,24
36,24
37,24
38,24
39,24
40,24
41,24
42,24
43,24
44,24
45,24
46,24
47,24
48,24
49,24
50,24
51,24
52,24
53,24
54,24
55,24
56,24
57,24
58,24
59,24
60,24
61,24
62,24
63,24
64,24
65,24
66,24
67,24
68,24
69,24
70,24
71,24
72,24
73,24
74,24
75,24
76,24
77,24
78,24
79,24
80,24
81,24
82,24
83,24
84,24
85,24
86,24
87,24
88,24
89,24
90,24
91,24
92,24
93,24
94,24
95,24
96,24
97,24
98,24
99,24
100,24
101,24
102,24
103,24
104,24
105,24
106,24
107,24
108,24
109,24
110,24
111,24
112,24
113,24
114,24
115,24
116,26
117,25
118,24
119,24
120,24
121,24
122,24
123,24
124,24
125,24
126,24
127,24
128,24
129,24
130,24
131,24
132,24
133,24
134,24
135,24
136,24
137,24
138,24
139,24
140,24
141,24
142,24
143,24
144,24
145,24
146,24
147,24
148,24
149,24
150,24
151,24
152,24
153,24
154,24
155,24
156,24
157,24
158,24
159,24
160,24
161,24
162,24
163,24
164,24
165,24
166,24
167,24
168,24
169,24
170,24
171,24
172,24
173,24
174,24
175,24
176,24
177,24
178,24
179,24
180,24
181,24
182,24
183,24
184,24
185,24
186,24
187,24
188,24
189,24
190,24
191,24
192,24
193,24
194,24
195,24
196,24
197,24
198,24
199,24
200,24
201,24
202,24
203,24
204,24
205,24
206,24
207,24
208,24
209,24
210,24
211,24
212,24
213,24
214,24
215,24
216,24
217,24
218,24
219,24
220,24
221,24
222,24
223,24
224,24
225,24
226,24
227,24
228,24
229,24
230,24
231,24
232,24
233,24
234,24
235,24
236,24
237,24
238,24
239,24
240,24
241,24
242,24
243,24
244,24
245,24
246,24
247,24
248,24
249,24
250,24
251,24
252,24
253,24
254,24
255,24
256,24
257,24
258,24
259,24
260,24
261,24
262,24
263,24
264,24
265,24
266,24
267,24
268,24
269,24
270,24
271,24
272,24
273,24
274,24
275,24
276,24
277,24
278,24
279,24
280,24
281,24
282,24
283,24
284,24
285,24
286,24
287,24
288,24
289,24
290,24
291,24
292,24
293,24
294,24
295,24
296,24
297,24
298,24
299,24
300,24
301,24
302,24
303,24
304,24
305,24
306,24
307,24
308,24
309,24
310,24
311,24
312,24
313,24
314,24
315,24
316,24
317,24
318,24
319,24
320,24
321,24
322,24
323,24
324,24
325,24
326,24
327,24
328,24
329,24
330,24
331,24
332,24
333,24
334,24
335,24
336,24
337,24
338,24
339,24
340,24
341,24
342,24
343,24
344,24
345,24
346,24
347,24
348,24
349,24
350,24
351,24
352,24
353,24
354,24
355,24
356,24
357,24
358,24
359,24
360,24
361,24
362,24
363,24
364,24
365,24
366,24
367,24
368,24
369,24
370,24
371,24
372,24
373,24
374,24
375,24
376,24
377,24
378,24
379,24
380,24
381,24
382,24
383,24
384,24
385,24
386,24
387,24
388,24
389,24
390,24
391,24
392,24
393,24
394,24
395,24
396,24
397,24
398,24
399,24
400,24
401,24
402,24
403,24
404,24
405,24
406,24
407,24
408,24
409,24
410,24
411,24
412,24
413,24
414,24
415,24
416,24
417,24
418,24
419,24
420,24
421,24
422,24
423,24
424,24
425,24
426,24
427,24
428,24
429,24
430,24
431,24
432,24
433,24
434,24
435,24
436,24
437,24
438,24
439,24
440,24
441,24
442,24
443,24
444,24
445,24
446,24
447,24
448,24
449,24
450,24
451,24
452,24
453,24
454,24
455,24
456,24
457,24
458,24
459,24
460,24
461,24
462,24
463,24
464,24
465,24
466,24
467,24
468,24
469,24
470,24
471,24
472,24
473,24
474,24
475,24
476,24
477,24
478,24
479,24
480,24
481,24
482,24
483,24
484,24
485,24
486,24
487,24
488,24
489,24
490,24
491,24
492,24
493,24
494,24
495,24
496,24
497,24
498,24
499,24
500,24
501,24
502,24
503,24
504,24
505,24
506,24
507,24
508,24
509,24
510,24
511,24
512,24
513,24
514,24
515,24
516,24
517,24
518,24
519,24
520,24
521,24
522,24
523,24
524,24
525,24
526,24
527,24
528,24
529,24
530,24
531,24
532,24
533,24
534,24
535,24
536,24
537,24
538,24
539,24
540,24
541,24
542,24
543,24
544,24
545,24
546,24
547,24
548,24
549,24
550,24
551,23
552,24
553,24
554,24
555,24
556,24
557,24
558,24
559,24
560,24
561,24
562,24
563,24
564,24
565,24
566,24
567,24
568,24
569,24
570,24
571,24
572,24
573,24
574,24
575,24
576,24
577,24
578,24
579,24
580,24
581,24
582,24
583,24
584,24
585,24
586,24
587,24
588,24
589,24
590,24
591,24
592,24
593,24
594,24
595,24
596,24
597,24
598,24
599,24
600,24
601,24
602,24
603,24
604,24
605,24
606,24
607,24
608,24
609,24
610,24
611,24
612,24
613,24
614,24
615,24
616,24
617,24
618,24
619,24
620,24
621,24
622,24
623,24
624,24
625,24
626,24
627,24
628,24
629,24
630,24
631,24
632,24
633,24
634,24
635,24
636,24
637,24
638,24
639,24
640,24
641,24
642,24
643,24
644,24
645,24
646,24
647,24
648,24
649,24
650,24
651,24
652,24
653,24
654,24
655,24
656,24
657,24
658,24
659,24
660,24
661,24
662,24
663,24
664,24
665,24
666,24
667,24
668,24
669,24
670,24
671,24
672,24
673,24
674,24
675,24
676,24
677,24
678,24
679,24
680,24
681,24
682,24
683,24
684,24
685,24
686,24
687,24
688,24
689,24
690,24
691,24
692,24
693,24
694,24
695,24
696,24
697,24
698,24
699,24
700,24
701,24
702,24
703,24
704,24
705,24
706,24
707,24
708,24
709,24
710,24
711,24
712,24
713,24
714,24
715,24
716,24
717,24
718,24
719,24
720,24
721,24
722,24
723,24
724,24
725,24
726,24
727,24
728,24
729,24
730,24
731,24
732,24
733,24
734,24
735,24
736,24
737,24
738,24
739,24
740,24
741,24
742,24
743,24
744,24
745,24
746,24
747,24
748,24
749,24
750,24
751,24
752,24
753,24
754,24
755,24
756,24
757,24
758,24
759,24
760,24
761,24
762,24
763,24
764,24
765,24
766,24
767,24
768,24
769,24
770,24
771,24
772,24
773,24
774,24
775,24
776,24
777,24
778,24
779,24
780,24
781,24
782,24
783,24
784,24
785,24
786,24
787,24
788,24
789,24
790,24
791,24
792,24
793,24
794,24
795,24
796,24
797,24
798,24
799,24
800,24
801,24
802,24
803,24
804,24
805,24
806,24
807,24
808,24
809,24
810,24
811,24
812,24
813,24
814,24
815,24
816,24
817,24
818,24
819,24
820,24
821,24
822,24
823,24
824,24
825,24
826,24
827,24
828,24
829,24
830,24
831,24
832,24
833,24
834,24
835,24
836,24
837,24
838,24
839,24
840,24
841,24
842,24
843,24
844,24
845,24
846,24
847,24
848,24
849,24
850,24
851,24
852,24
853,24
854,24
855,24
856,24
857,24
858,24
859,24
860,24
861,24
862,24
863,24
864,24
865,24
866,24
867,24
868,24
869,24
870,24
871,24
872,24
873,24
874,24
875,24
876,24
877,24
878,24
879,24
880,24
881,24
882,24
883,24
884,24
885,24
886,24
887,24
888,24
889,24
890,24
891,24
892,24
893,24
894,24
895,24
896,24
897,24
898,24
899,24
900,24
901,24
902,24
903,24
904,24
905,24
906,24
907,24
908,24
909,24
910,24
911,24
912,24
913,24
914,24
915,24
916,24
917,24
918,24
919,24
920,24
921,24
922,24
923,24
924,24
925,24
926,24
927,24
928,24
929,24
930,24
931,24
932,24
933,24
934,24
935,24
936,24
937,24
938,24
939,24
940,24
941,24
942,24
943,24
944,24
945,24
946,24
947,24
948,24
949,24
950,24
951,24
952,24
953,24
954,24
955,24
956,24
957,24
958,24
959,24
960,24
961,24
962,24
963,24
964,24
965,24
966,24
967,24
968,24
969,24
970,24
971,24
972,24
973,24
974,24
975,24
976,24
977,24
978,24
979,24
980,24
981,24
982,24
983,24
984,24
985,24
986,24
987,24
988,24
989,24
990,24
991,24
992,24
993,24
994,24
995,24
996,24
997,24
998,24
999,24
1000,24
1001,24
1002,24
1003,24
1004,24
1005,24
1006,24
1007,24
1008,24
1009,24
1010,24
1011,24
1012,24
1013,24
1014,24
1015,24
1016,24
1017,24
1018,24
1019,24
1020,24
1021,24
1022,24
1023,24
1024,24
1025,24
1026,24
1027,24
1028,24
1029,24
1030,24
1031,24
1032,24
1033,24
1034,24
1035,24
1036,24
1037,24
1038,24
1039,24
1040,24
1041,24
1042,24
1043,24
1044,24
1045,24
1046,24
1047,24
1048,24
1049,24
1050,24
1051,24
1052,24
1053,24
1054,24
1055,24
1056,24
1057,24
1058,24
1059,24
1060,24
1061,24
1062,24
1063,24
1064,24
1065,24
1066,24
1067,24
1068,24
1069,24
1070,24
1071,24
1072,24
1073,24
1074,24
1075,24
1076,24
1077,24
1078,24
1079,24
1080,24
1081,24
1082,24
1083,24
1084,24
1085,24
1086,24
1087,24
1088,24
1089,24
1090,24
1091,24
1092,24
1093,24
1094,24
1095,24
1096,24
1097,24
1098,24
1099,24
1100,24
1101,24
1102,24
1103,24
1104,24
1105,24
1106,24
1107,24
1108,24
1109,24
1110,24
1111,24
1112,24
1113,24
1114,24
1115,24
1116,24
1117,24
1118,24
1119,24
1120,24
1121,24
1122,24
1123,24
1124,24
1125,24
1126,24
1127,24
1128,24
1129,24
1130,24
1131,24
1132,24
1133,24
1134,24
1135,24
1136,23
1137,23
1138,24
1139,24
1140,23
1141,23
1142,23
1143,24
1144,23
1145,23
1146,24
1147,24
1148,24
1149,24
1150,24
1151,24
1152,24
1153,24
1154,24
1155,24
1156,24
1157,24
1158,24
1159,24
1160,24
1161,24
1162,24
1163,24
1164,24
1165,24
1166,24
1167,24
1168,24
1169,24
1170,24
1171,24
1172,24
1173,24
1174,24
1175,24
1176,24
1177,24
1178,24
1179,24
1180,24
1181,24
1182,24
1183,23
1184,23
1185,24
1186,24
1187,24
1188,24
1189,24
1190,24
1191,24
1192,23
1193,23
1194,23
1195,24
1196,24
1197,24
1198,24
1199,24
1200,23
1201,24
1202,24
1203,24
1204,24
1205,24
1206,24
1207,24
1208,24
1209,24
1210,24
1211,24
1212,24
1213,24
1214,24
1215,24
1216,24
1217,24
1218,24
1219,24
1220,24
1221,24
1222,24
1223,24
1224,24
1225,24
1226,24
1227,24
1228,24
1229,24
1230,24
1231,24
1232,24
1233,24
1234,24
1235,23
1236,24
1237,24
1238,24
1239,24
1240,24
1241,24
1242,24
1243,24
1244,24
1245,24
1246,24
1247,24
1248,24
1249,24
1250,24
1251,24
1252,24
1253,24
1254,24
1255,24
1256,24
1257,24
1258,24
1259,24
1260,24
1261,24
1262,24
1263,24
1264,24
1265,24
1266,24
1267,24
1268,24
1269,24
1270,24
1271,24
1272,24
1273,24
1274,24
1275,23
1276,24
1277,24
1278,24
1279,24
1280,24
1281,24
1282,24
1283,24
1284,24
1285,24
1286,24
1287,24
1288,24
1289,24
1290,24
1291,24
1292,24
1293,24
1294,24
1295,24
1296,24
1297,24
1298,24
1299,24
1300,24
1301,24
1302,24
1303,24
1304,24
1305,24
1306,24
1307,24
1308,24
1309,24
1310,24
1311,24
1312,24
1313,24
1314,24
1315,24
1316,24
1317,24
1318,24
1319,24
1320,23
1321,24
1322,24
1323,24
1324,24
1325,24
1326,24
1327,23
1328,23
1329,23
1330,23
1331,23
1332,24
1333,24
1334,24
1335,24
1336,24
1337,24
1338,24
1339,24
1340,24
1341,24
1342,24
1343,24
1344,24
1345,24
1346,24
1347,24
1348,24
1349,24
1350,24
1351,24
1352,24
1353,24
1354,24
1355,24
1356,24
1357,24
1358,24
1359,24
1360,24
1361,24
1362,24
1363,24
1364,24
1365,24
1366,24
1367,24
1368,24
1369,24
1370,24
1371,24
1372,24
1373,24
1374,24
1375,24
1376,24
1377,24
1378,24
1379,24
1380,24
1381,24
1382,24
1383,24
1384,24
1385,24
1386,24
1387,24
1388,24
1389,24
1390,24
1391,24
1392,24
1393,24
1394,24
1395,24
1396,24
1397,24
1398,24
1399,24
1400,23
1401,23
1402,23
1403,24
1404,24
1405,24
1406,24
1407,24
1408,24
1409,24
1410,24
1411,24
1412,24
1413,24
1414,24
1415,24
1416,24
1417,24
1418,24
1419,24
1420,24
1421,24
1422,24
1423,24
1424,24
1425,24
1426,24
1427,24
1428,24
1429,24
1430,24
1431,24
1432,24
1433,24
1434,24
1435,24
1436,24
1437,24
1438,24
1439,24
1440,24
1441,24
1442,24
1443,24
1444,24
1445,23
1446,24
1447,24
1448,24
1449,24
1450,24
1451,24
1452,24
1453,24
1454,24
1455,24
1456,24
1457,24
1458,24
1459,24
1460,24
1461,24
1462,24
1463,24
1464,24
1465,24
1466,24
1467,24
1468,24
1469,24
1470,24
1471,24
1472,24
1473,24
1474,24
1475,24
1476,24
1477,24
1478,24
1479,24
1480,24
1481,24
1482,24
1483,24
1484,24
1485,24
1486,24
1487,24
1488,24
1489,24
1490,24
1491,23
1492,24
1493,24
1494,24
1495,24
1496,24
1497,24
1498,24
1499,24
1500,24
1501,24
1502,24
1503,24
1504,24
1505,24
1506,24
1507,24
1508,24
1509,24
1510,24
1511,23
1512,24
1513,24
1514,24
1515,24
1516,24
1517,24
1518,24
1519,24
1520,24
1521,24
1522,24
1523,24
1524,24
1525,24
1526,23
1527,24
1528,24
1529,24
1530,24
1531,24
1532,24
1533,24
1534,24
1535,24
1536,23
1537,24
1538,24
1539,24
1540,24
1541,24
1542,24
1543,24
1544,24
1545,24
1546,24
1547,24
1548,24
1549,24
1550,24
1551,24
1552,24
1553,24
1554,24
1555,24
1556,24
1557,24
1558,24
1559,24
1560,24
1561,24
1562,24
1563,24
1564,24
1565,24
1566,24
1567,24
1568,24
1569,24
1570,24
1571,24
1572,24
1573,24
1574,24
1575,24
1576,24
1577,24
1578,24
1579,24
1580,24
1581,24
1582,23
1583,23
1584,24
1585,24
1586,24
1587,24
1588,24
1589,24
1590,24
1591,24
1592,24
1593,24
1594,24
1595,24
1596,24
1597,24
1598,24
1599,24
1600,24
1601,24
1602,24
1603,24
1604,24
1605,24
1606,24
1607,24
1608,24
1609,24
1610,24
1611,24
1612,24
1613,24
1614,24
1615,24
1616,24
1617,24
1618,24
1619,24
1620,24
1621,24
1622,24
1623,24
1624,24
1625,24
1626,24
1627,24
1628,24
1629,24
1630,24
1631,24
1632,24
1633,24
1634,24
1635,24
1636,24
1637,24
1638,24
1639,24
1640,24
1641,24
1642,24
1643,24
1644,24
1645,24
1646,24
1647,24
1648,24
1649,24
1650,24
1651,24
1652,24
1653,24
1654,24
1655,24
1656,24
1657,24
1658,24
1659,24
1660,24
1661,24
1662,24
1663,24
1664,24
1665,24
1666,24
1667,24
1668,24
1669,24
1670,24
1671,24
1672,24
1673,23
1674,23
1675,24
1676,23
1677,24
1678,24
1679,24
1680,24
1681,24
1682,24
1683,24
1684,24
1685,24
1686,24
1687,24
1688,24
1689,24
1690,24
1691,24
1692,24
1693,24
1694,24
1695,24
1696,24
1697,24
1698,24
1699,24
1700,24
1701,24
1702,24
1703,24
1704,24
1705,24
1706,24
1707,24
1708,24
1709,24
1710,24
1711,24
1712,24
1713,24
1714,24
1715,24
1716,24
1717,24
1718,24
1719,24
1720,24
1721,24
1722,24
1723,24
1724,24
1725,24
1726,24
1727,24
1728,24
1729,24
1730,24
1731,24
1732,24
1733,24
1734,24
1735,24
1736,24
1737,24
1738,24
1739,24
1740,24
1741,24
1742,24
1743,24
1744,24
1745,24
1746,24
1747,24
1748,24
1749,24
1750,24
1751,24
1752,24
1753,24
1754,24
1755,24
1756,24
1757,24
1758,24
1759,24
1760,24
1761,24
1762,24
1763,24
1764,24
1765,24
1766,24
1767,24
1768,24
1769,24
1770,24
1771,24
1772,24
1773,24
1774,24
1775,24
1776,24
1777,24
1778,24
1779,24
1780,24
1781,24
1782,24
1783,24
1784,24
1785,24
1786,24
1787,24
1788,24
1789,24
1790,24
1791,24
1792,24
1793,24
1794,24
1795,24
1796,24
1797,24
1798,24
1799,24
1800,24
1801,24
1802,24
1803,24
1804,24
1805,24
1806,24
1807,24
1808,24
1809,24
1810,24
1811,24
1812,24
1813,24
1814,24
1815,24
1816,24
1817,24
1818,24
1819,24
1820,24
1821,24
1822,24
1823,24
1824,24
1825,24
1826,24
1827,24
1828,24
1829,24
1830,24
1831,24
1832,24
1833,24
1834,24
1835,24
1836,24
1837,24
1838,24
1839,24
1840,24
1841,24
1842,24
1843,24
1844,24
1845,24
1846,24
1847,24
1848,24
1849,24
1850,24
1851,24
1852,24
1853,24
1854,24
1855,24
1856,24
1857,24
1858,24
1859,24
1860,24
1861,24
1862,24
1863,24
1864,24
1865,24
1866,24
1867,24
1868,24
1869,24
1870,24
1871,24
1872,24
1873,24
1874,24
1875,24
1876,24
1877,24
1878,24
1879,24
1880,24
1881,24
1882,24
1883,24
1884,24
1885,24
1886,24
1887,24
1888,24
1889,24
1890,24
1891,24
1892,24
1893,24
1894,24
1895,24
1896,24
1897,24
1898,24
1899,24
1900,24
1901,24
1902,24
1903,24
1904,24
1905,24
1906,24
1907,24
1908,24
1909,24
1910,24
1911,24
1912,24
1913,24
1914,24
1915,24
1916,24
1917,24
1918,24
1919,24
1920,24
1921,24
1922,24
1923,24
1924,24
1925,24
1926,24
1927,24
1928,24
1929,24
1930,24
1931,24
1932,24
1933,24
1934,24
1935,24
1936,24
1937,24
1938,24
1939,24
1940,24
1941,24
1942,24
1943,24
1944,24
1945,24
1946,24
1947,24
1948,24
1949,24
1950,24
1951,24
1952,24
1953,24
1954,24
1955,24
1956,24
1957,24
1958,24
1959,24
1960,24
1961,24
1962,24
1963,24
1964,24
1965,24
1966,24
1967,24
1968,24
1969,24
1970,24
1971,24
1972,24
1973,24
1974,24
1975,24
1976,24
1977,24
1978,24
1979,24
1980,24
1981,24
1982,24
1983,24
1984,24
1985,24
1986,24
1987,24
1988,24
1989,24
1990,24
1991,24
1992,24
1993,24
1994,24
1995,24
1996,24
1997,24
1998,24
1999,24
2000,24
2001,24
2002,24
2003,24
2004,24
2005,24
2006,24
2007,24
2008,24
2009,24
2010,24
2011,24
2012,24
2013,24
2014,24
2015,24
2016,24
2017,24
2018,24
2019,24
2020,24
2021,24
2022,24
2023,24
2024,24
2025,24
2026,24
2027,24
2028,24
2029,24
2030,24
2031,24
2032,24
2033,24
2034,24
2035,24
2036,24
2037,24
2038,24
2039,24
2040,24
2041,24
2042,24
2043,24
2044,24
2045,24
2046,24
2047,24
2048,24
2049,24
2050,24
2051,24
2052,24
2053,24
2054,24
2055,24
2056,24
2057,24
2058,24
2059,24
2060,24
2061,24
2062,24
2063,24
2064,24
2065,24
2066,24
2067,24
2068,24
2069,24
2070,24
2071,24
2072,24
2073,24
2074,24
2075,24
2076,24
2077,24
2078,24
2079,24
2080,24
2081,24
2082,24
2083,24
2084,24
2085,24
2086,24
2087,24
2088,24
2089,24
2090,24
2091,24
2092,24
2093,24
2094,24
2095,24
2096,24
2097,24
2098,24
2099,24
2100,24
2101,24
2102,24
2103,24
2104,24
2105,24
2106,24
2107,24
2108,24
2109,24
2110,24
2111,24
2112,24
2113,24
2114,24
2115,24
2116,24
2117,24
2118,24
2119,24
2120,24
2121,24
2122,24
2123,24
2124,24
2125,24
2126,24
2127,24
2128,24
2129,24
2130,24
2131,24
2132,24
2133,24
2134,24
2135,24
2136,26
2137,26
2138,26
2139,26
2140,26
2141,26
2142,26
2143,26
2144,26
2145,26
2146,26
2147,26
2148,26
2149,26
2150,26
2151,26
2152,26
2153,26
2154,26
2155,26
2156,26
2157,26
2158,26
2159,26
2160,26
2161,26
2162,26
2163,26
2164,26
2165,26
2166,26
2167,26
2168,26
2169,26
2170,26
2171,26
2172,26
2173,26
2174,26
2175,26
2176,26
2177,26
2178,26
2179,26
2180,26
2181,26
2182,26
2183,26
2184,26
2185,26
2186,26
2187,26
2188,26
2189,26
2190,26
2191,26
2192,26
2193,26
2194,26
2195,26
2196,26
2197,26
2198,26
2199,26
2200,26
2201,26
2202,26
2203,26
2204,26
2205,26
2206,26
2207,26
2208,26
2209,26
2210,26
2211,26
2212,26
2213,26
2214,26
2215,26
2216,30
2217,30
2218,30
2219,30
2220,30
2221,30
2222,30
2223,30
2224,30
2225,30
2226,30
2227,30
2228,31
2229,31
2230,31
2231,31
2232,31
2233,31
2234,31
2235,31
2236,31
2237,31
2238,31
2239,31
2240,31
2241,31
2242,31
2243,31
2244,31
2245,31
2246,31
2247,31
2248,31
2249,31
2250,31
2251,31
2252,31
2253,31
2254,31
2255,31
2256,31
2257,31
2258,31
2259,31
2260,31
2261,31
2262,31
2263,31
2264,31
2265,31
2266,31
2267,31
2268,31
2269,31
2270,31
2271,31
2272,31
2273,31
2274,31
2275,31
2276,31
2277,31
2278,31
2279,31
2280,31
2281,31
2282,31
2283,31
2284,31
2285,31
2286,31
2287,31
2288,31
2289,31
2290,31
2291,31
2292,31
2293,31
2294,31
2295,27
2296,31
2297,31
2298,31
2299,31
2300,31
2301,31
2302,31
2303,31
2304,31
2305,31
2306,31
2307,31
2308,31
2309,31
2310,31
2311,31
2312,31
2313,31
2314,31
2315,31
2316,31
2317,31
2318,31
2319,31
2320,31
2321,31
2322,31
2323,31
2324,31
2325,31
2326,31
2327,31
2328,31
2329,31
2330,31
2331,31
2332,31
2333,31
2334,31
2335,31
2336,31
2337,31
2338,31
2339,31
2340,31
2341,31
2342,31
2343,31
2344,31
2345,31
2346,31
2347,31
2348,31
2349,31
2350,31
2351,31
2352,31
2353,31
2354,31
2355,31
2356,31
2357,31
2358,31
2359,31
2360,31
2361,31
2362,31
2363,31
2364,31
2365,31
2366,31
2367,31
2368,31
2369,31
2370,31
2371,31
2372,31
2373,31
2374,31
2375,31
2376,31
2377,31
2378,31
2379,31
2380,31
2381,31
2382,31
2383,31
2384,31
2385,31
2386,31
2387,31
2388,31
2389,31
2390,31
2391,31
2392,31
2393,31
2394,31
2395,31
2396,31
2397,31
2398,31
2399,31
2400,31
2401,31
2402,31
2403,31
2404,31
2405,31
2406,31
2407,31
2408,31
2409,31
2410,31
2411,31
2412,31
2413,31
2414,31
2415,31
2416,31
2417,31
2418,31
2419,31
2420,31
2421,31
2422,31
2423,31
2424,31
2425,31
2426,31
2427,31
2428,31
2429,31
2430,31
2431,31
2432,31
2433,31
2434,31
2435,31
2436,31
2437,31
2438,31
2439,31
2440,31
2441,31
2442,31
2443,31
2444,31
2445,31
2446,31
2447,31
2448,31
2449,31
2450,31
2451,31
2452,31
2453,31
2454,31
2455,31
2456,31
2457,31
2458,31
2459,31
2460,31
2461,31
2462,31
2463,31
2464,31
2465,31
2466,31
2467,31
2468,31
2469,31
2470,31
2471,31
2472,31
2473,31
2474,31
2475,31
2476,31
2477,31
2478,31
2479,31
2480,31
2481,31
2482,31
2483,31
2484,31
2485,31
2486,31
2487,31
2488,31
2489,31
2490,31
2491,31
2492,31
2493,31
2494,31
2495,31
2496,31
2497,31
2498,31
2499,31
2500,31
2501,31
2502,31
2503,31
2504,31
2505,31
2506,31
2507,31
2508,31
2509,31
2510,31
2511,31
2512,31
2513,31
2514,31
2515,31
2516,31
2517,31
2518,31
2519,31
2520,31
2521,31
2522,31
2523,31
2524,31
2525,31
2526,31
2527,31
2528,31
2529,31
2530,31
2531,31
2532,31
2533,31
2534,31
2535,31
2536,31
2537,31
2538,31
2539,31
2540,31
2541,31
2542,31
2543,31
2544,31
2545,31
2546,31
2547,31
2548,31
2549,31
2550,31
2551,31
2552,31
2553,31
2554,31
2555,31
2556,31
2557,31
2558,31
2559,31
2560,31
2561,31
2562,31
2563,31
2564,31
2565,31
2566,31
2567,31
2568,31
2569,31
2570,31
2571,31
2572,31
2573,31
2574,31
2575,31
2576,31
2577,31
2578,31
2579,31
2580,31
2581,31
2582,31
2583,31
2584,31
2585,31
2586,31
2587,31
2588,31
2589,31
2590,31
2591,31
2592,31
2593,31
2594,31
2595,31
2596,31
2597,31
2598,31
2599,31
2600,31
2601,31
2602,31
2603,31
2604,31
2605,31
2606,31
2607,31
2608,31
2609,31
2610,31
2611,31
2612,31
2613,31
2614,31
2615,31
2616,31
2617,31
2618,31
2619,31
2620,31
2621,31
2622,31
2623,31
2624,31
2625,31
2626,31
2627,31
2628,31
2629,31
2630,31
2631,31
2632,31
2633,31
2634,31
2635,31
2636,31
2637,31
2638,31
2639,31
2640,31
2641,31
2642,31
2643,31
2644,31
2645,31
2646,31
2647,31
2648,31
2649,31
2650,31
2651,31
2652,31
2653,31
2654,31
2655,31
2656,31
2657,31
2658,31
2659,31
2660,31
2661,31
2662,31
2663,31
2664,31
2665,31
2666,31
2667,31
2668,31
2669,31
2670,31
2671,31
2672,31
2673,31
2674,31
2675,31
2676,31
2677,31
2678,31
2679,31
2680,31
2681,31
2682,31
2683,31
2684,31
2685,31
2686,31
2687,31
2688,31
2689,31
2690,31
2691,31
2692,31
2693,31
2694,31
2695,31
2696,31
2697,31
2698,31
2699,31
2700,31
2701,31
2702,31
2703,31
2704,31
2705,31
2706,31
2707,31
2708,31
2709,31
2710,31
2711,31
2712,31
2713,31
2714,31
2715,31
2716,31
2717,31
2718,31
2719,31
2720,31
2721,31
2722,31
2723,31
2724,31
2725,31
2726,31
2727,31
2728,31
2729,31
2730,31
2731,31
2732,31
2733,31
2734,31
2735,31
2736,31
2737,31
2738,31
2739,31
2740,31
2741,31
2742,31
2743,31
2744,31
2745,31
2746,31
2747,31
2748,31
2749,31
2750,31
2751,31
2752,31
2753,31
2754,31
2755,31
2756,31
2757,31
2758,31
2759,31
2760,31
2761,31
2762,31
2763,31
2764,31
2765,31
2766,31
2767,31
2768,31
2769,31
2770,31
2771,31
2772,31
2773,31
2774,31
2775,31
2776,31
2777,31
2778,31
2779,31
2780,31
2781,31
2782,31
2783,31
2784,31
2785,31
2786,31
2787,31
2788,31
2789,31
2790,31
2791,31
2792,31
2793,31
2794,31
2795,31
2796,31
2797,31
2798,31
2799,31
2800,31
2801,31
2802,31
2803,31
2804,31
2805,31
2806,31
2807,31
2808,31
2809,31
2810,31
2811,31
2812,31
2813,31
2814,31
2815,31
2816,31
2817,31
2818,31
2819,31
2820,31
2821,31
2822,31
2823,31
2824,31
2825,31
2826,31
2827,31
2828,31
2829,31
2830,31
2831,31
2832,31
2833,31
2834,31
2835,31
2836,31
2837,31
2838,31
2839,31
2840,31
2841,31
2842,31
2843,31
2844,31
2845,31
2846,31
2847,31
2848,31
2849,31
2850,31
2851,31
2852,31
2853,31
2854,31
2855,31
2856,31
2857,31
2858,31
2859,31
2860,31
2861,31
2862,31
2863,31
2864,31
2865,31
2866,31
2867,31
2868,31
2869,31
2870,31
2871,31
2872,31
2873,31
2874,31
2875,31
2876,31
2877,31
2878,31
2879,31
2880,31
2881,31
2882,31
2883,31
2884,31
2885,31
2886,31
2887,31
2888,31
2889,31
2890,31
2891,31
2892,31
2893,31
2894,31
2895,31
2896,31
2897,31
2898,31
2899,31
2900,31
2901,31
2902,31
2903,31
2904,31
2905,31
2906,31
2907,31
2908,31
2909,31
2910,31
2911,31
2912,31
2913,31
2914,31
2915,31
2916,31
2917,31
2918,31
2919,31
2920,31
2921,31
2922,31
2923,31
2924,31
2925,31
2926,31
2927,31
2928,31
2929,31
2930,31
2931,31
2932,31
2933,31
2934,31
2935,31
2936,31
2937,31
2938,31
2939,31
2940,31
2941,31
2942,31
2943,31
2944,31
2945,31
2946,31
2947,31
2948,31
2949,31
2950,31
2951,31
2952,31
2953,31
2954,31
2955,31
2956,31
2957,31
2958,31
2959,31
2960,31
2961,31
2962,31
2963,31
2964,31
2965,31
2966,31
2967,31
2968,31
2969,31
2970,31
2971,31
2972,31
2973,31
2974,31
2975,31
2976,31
2977,31
2978,31
2979,31
2980,31
2981,31
2982,31
2983,31
2984,31
2985,31
2986,31
2987,31
2988,31
2989,31
2990,31
2991,31
2992,31
2993,31
2994,31
2995,31
2996,31
2997,31
2998,31
2999,31
3000,31
3001,31
3002,31
3003,31
3004,31
3005,31
3006,31
3007,31
3008,31
3009,31
3010,31
3011,31
3012,31
3013,31
3014,31
3015,31
3016,31
3017,31
3018,31
3019,31
3020,31
3021,31
3022,31
3023,31
3024,31
3025,31
3026,31
3027,31
3028,31
3029,31
3030,31
3031,31
3032,31
3033,31
3034,31
3035,31
3036,31
3037,31
3038,31
3039,31
3040,31
3041,31
3042,31
3043,31
3044,31
3045,31
3046,31
3047,31
3048,31
3049,31
3050,31
3051,31
3052,31
3053,31
3054,31
3055,31
3056,31
3057,31
3058,31
3059,31
3060,31
3061,31
3062,31
3063,31
3064,31
3065,31
3066,31
3067,31
3068,31
3069,31
3070,31
3071,31
3072,31
3073,31
3074,31
3075,31
3076,31
3077,31
3078,31
3079,31
3080,31
3081,31
3082,31
3083,31
3084,31
3085,31
3086,31
3087,31
3088,31
3089,31
3090,31
3091,31
3092,31
3093,31
3094,31
3095,31
3096,31
3097,31
3098,31
3099,31
3100,31
3101,31
3102,31
3103,31
3104,31
3105,31
3106,31
3107,31
3108,31
3109,31
3110,31
3111,31
3112,31
3113,31
3114,31
3115,31
3116,31
3117,31
3118,31
3119,31
3120,31
3121,31
3122,31
3123,31
3124,31
3125,31
3126,31
3127,31
3128,31
3129,31
3130,31
3131,31
3132,31
3133,31
3134,31
3135,31
3136,31
3137,31
3138,31
3139,31
3140,31
3141,31
3142,31
3143,31
3144,31
3145,31
3146,31
3147,31
3148,31
3149,31
3150,31
3151,31
3152,31
3153,31
3154,31
3155,31
3156,31
3157,31
3158,31
3159,31
3160,31
3161,31
3162,31
3163,31
3164,31
3165,31
3166,31
3167,31
3168,31
3169,31
3170,31
3171,31
3172,31
3173,31
3174,31
3175,31
3176,31
3177,31
3178,31
3179,31
3180,31
3181,31
3182,31
3183,31
3184,31
3185,31
3186,31
3187,31
3188,31
3189,31
3190,31
3191,31
3192,31
3193,31
3194,31
3195,31
3196,31
3197,31
3198,31
3199,31
3200,31
3201,31
3202,31
3203,31
3204,31
3205,31
3206,31
3207,31
3208,31
3209,31
3210,31
3211,31
3212,31
3213,31
3214,31
3215,31
3216,31
3217,31
3218,31
3219,31
3220,31
3221,31
3222,31
3223,31
3224,31
3225,31
3226,31
3227,31
3228,31
3229,31
3230,31
3231,31
3232,31
3233,31
3234,31
3235,31
3236,31
3237,31
3238,31
3239,31
3240,31
3241,31
3242,31
3243,31
3244,31
3245,31
3246,31
3247,31
3248,31
3249,31
3250,31
3251,31
3252,31
3253,31
3254,31
3255,31
3256,31
3257,31
3258,31
3259,31
3260,31
3261,31
3262,31
3263,31
3264,31
3265,31
3266,31
3267,31
3268,31
3269,31
3270,31
3271,31
3272,31
3273,31
3274,31
3275,31
3276,31
3277,31
3278,31
3279,31
3280,31
3281,31
3282,31
3283,31
3284,31
3285,31
3286,31
3287,31
3288,31
3289,31
3290,31
3291,31
3292,31
3293,31
3294,31
3295,31
3296,31
3297,31
3298,31
3299,31
3300,31
3301,31
3302,31
3303,31
3304,31
3305,31
3306,31
3307,31
3308,31
3309,31
3310,31
3311,31
3312,31
3313,31
3314,31
3315,31
3316,31
3317,31
3318,31
3319,31
3320,31
3321,31
3322,31
3323,31
3324,31
3325,31
3326,31
3327,31
3328,31
3329,31
3330,31
3331,31
3332,31
3333,31
3334,31
3335,31
3336,31
3337,31
3338,31
3339,31
3340,31
3341,31
3342,31
3343,31
3344,31
3345,31
3346,31
3347,31
3348,31
3349,31
3350,31
3351,31
3352,31
3353,31
3354,31
3355,31
3356,31
3357,31
3358,31
3359,31
3360,31
3361,31
3362,31
3363,31
3364,31
3365,31
3366,31
3367,31
3368,31
3369,31
3370,31
3371,31
3372,31
3373,31
3374,31
3375,31
3376,31
3377,31
3378,31
3379,31
3380,31
3381,31
3382,31
3383,31
3384,31
3385,31
3386,31
3387,31
3388,31
3389,31
3390,31
3391,31
3392,31
3393,31
3394,31
3395,31
3396,31
3397,31
3398,31
3399,31
3400,31
3401,31
3402,31
3403,31
3404,31
3405,31
3406,31
3407,31
3408,31
3409,31
3410,31
3411,31
3412,31
3413,31
3414,31
3415,31
3416,31
3417,31
3418,31
3419,31
3420,31
3421,31
3422,31
3423,31
3424,31
3425,31
3426,31
3427,31
3428,31
3429,31
3430,31
3431,31
3432,31
3433,31
3434,31
3435,31
3436,31
3437,31
3438,31
3439,31
3440,31
3441,31
3442,31
3443,31
3444,31
3445,31
3446,31
3447,31
3448,31
3449,31
3450,31
3451,31
3452,31
3453,31
3454,31
3455,31
3456,31
3457,31
3458,31
3459,31
3460,31
3461,31
3462,31
3463,31
3464,31
3465,31
3466,31
3467,31
3468,31
3469,31
3470,31
3471,31
3472,31
3473,31
3474,31
3475,31
3476,31
3477,31
3478,31
3479,31
3480,31
3481,31
3482,31
3483,31
3484,31
3485,31
3486,31
3487,31
3488,31
3489,31
3490,31
3491,31
3492,31
3493,31
3494,31
3495,31
3496,31
3497,31
3498,31
3499,31
3500,31
3501,31
3502,31
3503,31
3504,31
3505,31
3506,31
3507,31
3508,31
3509,31
3510,31
3511,31
3512,31
3513,31
3514,31
3515,31
3516,31
3517,31
3518,31
3519,31
3520,31
3521,31
3522,31
3523,31
3524,31
3525,31
3526,31
3527,31
3528,31
3529,31
3530,31
3531,31
3532,31
3533,31
3534,31
3535,31
3536,31
3537,31
3538,31
3539,31
3540,31
3541,31
3542,31
3543,31
3544,31
3545,31
3546,31
3547,31
3548,31
3549,31
3550,31
3551,31
3552,31
3553,31
3554,31
3555,31
3556,31
3557,31
3558,31
3559,31
3560,31
3561,31
3562,31
3563,31
3564,31
3565,31
3566,31
3567,31
3568,31
3569,31
3570,31
3571,31
3572,31
3573,31
3574,31
3575,31
3576,31
3577,31
3578,31
3579,31
3580,31
3581,31
3582,31
3583,31
3584,31
3585,31
3586,31
3587,31
3588,31
3589,31
3590,31
3591,31
3592,31
3593,31
3594,31
3595,31
3596,31
3597,31
3598,31
3599,31
3600,31
3601,31
3602,31
3603,31
3604,31
3605,31
3606,31
3607,31
3608,31
3609,31
3610,31
3611,31
3612,31
3613,31
3614,31
3615,31
3616,31
3617,31
3618,31
3619,31
3620,31
3621,31
3622,31
3623,31
3624,31
3625,31
3626,31
3627,31
3628,31
3629,31
3630,31
3631,31
3632,31
3633,31
3634,31
3635,31
3636,31
3637,31
3638,31
3639,31
3640,31
3641,31
3642,31
3643,31
3644,31
3645,31
3646,31
3647,31
3648,31
3649,31
3650,31
3651,31
3652,31
3653,31
3654,31
3655,31
3656,31
3657,31
3658,31
3659,31
3660,31
3661,31
3662,31
3663,31
3664,31
3665,31
3666,31
3667,31
3668,31
3669,31
3670,31
3671,31
3672,31
3673,31
3674,31
3675,31
3676,31
3677,31
3678,31
3679,31
3680,31
3681,31
3682,31
3683,31
3684,31
3685,31
3686,31
3687,31
3688,31
3689,31
3690,31
3691,31
3692,31
3693,31
3694,31
3695,31
3696,31
3697,31
3698,31
3699,31
3700,31
3701,31
3702,31
3703,31
3704,31
3705,31
3706,31
3707,31
3708,31
3709,31
3710,31
3711,31
3712,31
3713,31
3714,31
3715,31
3716,31
3717,31
3718,31
3719,31
3720,31
3721,31
3722,31
3723,31
3724,31
3725,31
3726,31
3727,31
3728,31
3729,31
3730,31
3731,31
3732,31
3733,31
3734,31
3735,31
3736,31
3737,31
3738,31
3739,31
3740,31
3741,31
3742,31
3743,31
3744,31
3745,31
3746,31
3747,31
3748,31
3749,31
3750,31
3751,31
3752,31
3753,31
3754,31
3755,31
3756,31
3757,31
3758,31
3759,31
3760,31
3761,31
3762,31
3763,31
3764,31
3765,31
3766,31
3767,31
3768,31
3769,31
3770,31
3771,31
3772,31
3773,31
3774,31
3775,31
3776,31
3777,31
3778,31
3779,31
3780,31
3781,31
3782,31
3783,31
3784,31
3785,31
3786,31
3787,31
3788,31
3789,31
3790,31
3791,31
3792,31
3793,31
3794,31
3795,31
3796,31
3797,31
3798,31
3799,31
3800,31
3801,31
3802,31
3803,31
3804,31
3805,31
3806,31
3807,31
3808,31
3809,31
3810,31
3811,31
3812,31
3813,31
3814,31
3815,31
3816,31
3817,31
3818,31
3819,31
3820,31
3821,31
3822,31
3823,31
3824,31
3825,31
3826,31
3827,31
3828,31
3829,31
3830,31
3831,31
3832,31
3833,31
3834,31
3835,31
3836,31
3837,31
3838,31
3839,31
3840,31
3841,31
3842,31
3843,31
3844,31
3845,31
3846,31
3847,31
3848,31
3849,31
3850,31
3851,31
3852,31
3853,31
3854,31
3855,31
3856,31
3857,31
3858,31
3859,31
3860,31
3861,31
3862,31
3863,31
3864,31
3865,31
3866,31
3867,31
3868,31
3869,31
3870,31
3871,31
3872,31
3873,31
3874,31
3875,31
3876,31
3877,31
3878,31
3879,31
3880,31
3881,31
3882,31
3883,31
3884,31
3885,31
3886,31
3887,31
3888,31
3889,31
3890,31
3891,31
3892,31
3893,31
3894,31
3895,31
3896,31
3897,31
3898,31
3899,31
3900,31
3901,31
3902,31
3903,31
3904,31
3905,31
3906,31
3907,31
3908,31
3909,31
3910,31
3911,31
3912,31
3913,31
3914,31
3915,31
3916,31
3917,31
3918,31
3919,31
3920,31
3921,31
3922,31
3923,31
3924,31
3925,31
3926,31
3927,31
3928,31
3929,31
3930,31
3931,31
3932,31
3933,31
3934,31
3935,31
3936,31
3937,31
3938,31
3939,31
3940,31
3941,31
3942,31
3943,31
3944,31
3945,31
3946,31
3947,31
3948,31
3949,31
3950,31
3951,31
3952,31
3953,31
3954,31
3955,31
3956,31
3957,31
3958,31
3959,31
3960,31
3961,31
3962,31
3963,31
3964,31
3965,31
3966,31
3967,31
3968,31
3969,31
3970,31
3971,31
3972,31
3973,31
3974,31
3975,31
3976,31
3977,31
3978,31
3979,31
3980,31
3981,31
3982,31
3983,31
3984,31
3985,31
3986,31
3987,31
3988,31
3989,31
3990,31
3991,31
3992,31
3993,31
3994,31
3995,31
3996,31
3997,31
3998,31
3999,31
4000,31
4001,31
4002,31
4003,31
4004,31
4005,31
4006,31
4007,31
4008,31
4009,31
4010,31
4011,31
4012,31
4013,31
4014,31
4015,31
4016,31
4017,31
4018,31
4019,31
4020,31
4021,31
4022,31
4023,31
4024,31
4025,31
4026,31
4027,31
4028,31
4029,31
4030,31
4031,31
4032,31
4033,31
4034,31
4035,31
4036,31
4037,31
4038,31
4039,31
4040,31
4041,31
4042,31
4043,31
4044,31
4045,31
4046,31
4047,31
4048,31
4049,31
4050,31
4051,31
4052,31
4053,31
4054,31
4055,31
4056,31
4057,31
4058,31
4059,31
4060,31
4061,31
4062,31
4063,31
4064,31
4065,31
4066,31
4067,31
4068,31
4069,31
4070,31
4071,31
4072,31
4073,31
4074,31
4075,31
4076,31
4077,31
4078,31
4079,31
4080,31
4081,31
4082,31
4083,31
4084,31
4085,31
4086,31
4087,31
4088,31
4089,31
4090,31
4091,31
4092,31
4093,31
4094,31
4095,31
4096,31
4097,31
4098,31
4099,31
4100,31
4101,31
4102,31
4103,31
4104,31
4105,31
4106,31
4107,31
4108,31
4109,31
4110,31
4111,31
4112,31
4113,31
4114,31
4115,31
4116,31
4117,31
4118,31
4119,31
4120,31
4121,31
4122,31
4123,31
4124,31
4125,31
4126,31
4127,31
4128,31
4129,31
4130,31
4131,31
4132,31
4133,31
4134,31
4135,31
4136,31
4137,31
4138,31
4139,31
4140,31
4141,31
4142,31
4143,31
4144,31
4145,31
4146,31
4147,31
4148,31
4149,31
4150,31
4151,31
4152,31
4153,31
4154,31
4155,31
4156,31
4157,31
4158,31
4159,31
4160,31
4161,31
4162,31
4163,31
4164,31
4165,31
4166,31
4167,31
4168,31
4169,31
4170,31
4171,31
4172,31
4173,31
4174,31
4175,31
4176,31
4177,31
4178,31
4179,31
4180,31
4181,31
4182,31
4183,31
4184,31
4185,31
4186,31
4187,31
4188,31
4189,31
4190,31
4191,31
4192,31
4193,31
4194,31
4195,31
4196,31
4197,31
4198,31
4199,31
4200,31
4201,31
4202,31
4203,31
4204,31
4205,31
4206,31
4207,31
4208,31
4209,31
4210,31
4211,31
4212,31
4213,31
4214,31
4215,31
4216,31
4217,31
4218,31
4219,31
4220,31
4221,31
4222,31
4223,31
4224,31
4225,31
4226,31
4227,31
4228,31
4229,31
4230,31
4231,31
4232,31
4233,31
4234,31
4235,31
4236,31
4237,31
4238,31
4239,31
4240,31
4241,31
4242,31
4243,31
4244,31
4245,31
4246,31
4247,31
4248,31
4249,31
4250,31
4251,31
4252,31
4253,31
4254,31
4255,31
4256,31
4257,31
4258,31
4259,31
4260,31
4261,31
4262,31
4263,31
4264,31
4265,31
4266,31
4267,31
4268,31
4269,31
4270,31
4271,31
4272,31
4273,31
4274,31
4275,31
4276,31
4277,31
4278,31
4279,31
4280,31
4281,31
4282,31
4283,31
4284,31
4285,31
4286,31
4287,31
4288,31
4289,31
4290,31
4291,31
4292,31
4293,31
4294,31
4295,31
4296,31
4297,31
4298,31
4299,31
4300,31
4301,31
4302,31
4303,31
4304,31
4305,31
4306,31
4307,31
4308,31
4309,31
4310,31
4311,31
4312,31
4313,31
4314,31
4315,31
4316,31
4317,31
4318,31
4319,31
4320,31
4321,31
4322,31
4323,31
4324,31
4325,31
4326,31
4327,31
4328,31
4329,31
4330,31
4331,31
4332,31
4333,31
4334,31
4335,31
4336,31
4337,31
4338,31
4339,31
4340,31
4341,31
4342,31
4343,31
4344,31
4345,31
4346,31
4347,31
4348,31
4349,31
4350,31
4351,31
4352,31
4353,31
4354,31
4355,31
4356,31
4357,31
4358,31
4359,31
4360,31
4361,31
4362,31
4363,31
4364,31
4365,31
4366,31
4367,31
4368,31
4369,31
4370,31
4371,31
4372,31
4373,31
4374,31
4375,31
4376,31
4377,31
4378,31
4379,31
4380,31
4381,31
4382,31
4383,31
4384,31
4385,31
4386,31
4387,31
4388,31
4389,31
4390,31
4391,31
4392,31
4393,31
4394,31
4395,31
4396,31
4397,31
4398,31
4399,31
4400,31
4401,31
4402,31
4403,31
4404,31
4405,31
4406,31
4407,31
4408,31
4409,31
4410,31
4411,31
4412,31
4413,31
4414,31
4415,31
4416,31
4417,31
4418,31
4419,31
4420,31
4421,31
4422,31
4423,31
4424,31
4425,31
4426,31
4427,31
4428,31
4429,31
4430,31
4431,27
4432,31
4433,31
4434,31
4435,31
4436,31
4437,31
4438,31
4439,27
4440,27
4441,31
4442,31
4443,31
4444,31
4445,31
4446,31
4447,31
4448,31
4449,31
4450,31
4451,30
4452,30
4453,30
4454,30
4455,30
4456,30
4457,30
4458,30
4459,30
4460,30
4461,30
4462,30
4463,30
4464,30
4465,30
4466,30
4467,30
4468,30
4469,27
4470,27
4471,27
4472,27
4473,27
4474,27
4475,27
4476,27
4477,27
4478,27
4479,27
4480,27
4481,27
4482,27
4483,27
4484,27
4485,27
4486,27
4487,27
4488,27
4489,27
4490,27
4491,27
4492,27
4493,27
4494,27
4495,27
4496,27
4497,27
4498,27
4499,27
4500,27
4501,27
4502,27
4503,27
4504,27
4505,27
4506,27
4507,27
4508,27
4509,27
4510,27
4511,27
4512,27
4513,24
4514,24
4515,27
4516,27
4517,27
4518,27
4519,27
4520,27
4521,27
4522,24
4523,24
4524,24
4525,27
4526,27
4527,27
4528,27
4529,27
4530,24
4531,24
4532,27
4533,27
4534,27
4535,27
4536,27
4537,27
4538,27
4539,27
4540,27
4541,27
4542,27
4543,27
4544,27
4545,27
4546,27
4547,27
4548,27
4549,27
4550,27
4551,27
4552,27
4553,27
4554,27
4555,27
4556,27
4557,27
4558,27
4559,27
4560,27
4561,27
4562,27
4563,27
4564,27
4565,27
4566,27
4567,27
4568,24
4569,25
4570,27
4571,27
4572,27
4573,25
4574,25
4575,25
4576,27
4577,27
4578,26
4579,27
4580,27
4581,27
4582,27
4583,27
4584,27
4585,25
4586,25
4587,25
4588,27
4589,25
4590,25
4591,25
4592,25
4593,27
4594,27
4595,27
4596,27
4597,27
4598,27
4599,27
4600,27
4601,27
4602,25
4603,24
4604,27
4605,27
4606,26
4607,26
4608,26
4609,26
4610,26
4611,26
4612,27
4613,26
4614,27
4615,27
4616,27
4617,27
4618,27
4619,26
4620,27
4621,27
4622,25
4623,27
4624,27
4625,27
4626,27
4627,27
4628,27
4629,27
4630,27
4631,27
4632,27
4633,27
4634,27
4635,27
4636,27
4637,27
4638,26
4639,26
4640,27
4641,25
4642,27
4643,27
4644,27
4645,27
4646,27
4647,27
4648,27
4649,27
4650,27
4651,27
4652,27
4653,27
4654,27
4655,27
4656,27
4657,27
4658,27
4659,27
4660,27
4661,27
4662,27
4663,27
4664,27
4665,27
4666,27
4667,27
4668,27
4669,27
4670,27
4671,27
4672,27
4673,25
4674,26
4675,27
4676,27
4677,27
4678,27
4679,27
4680,27
4681,27
4682,27
4683,27
4684,27
4685,27
4686,27
4687,27
4688,27
4689,27
4690,27
4691,27
4692,27
4693,27
4694,27
4695,27
4696,26
4697,23
4698,23
4699,27
4700,27
4701,27
4702,27
4703,27
4704,27
4705,27
4706,27
4707,27
4708,27
4709,27
4710,27
4711,27
4712,27
4713,27
4714,27
4715,27
4716,27
4717,23
4718,23
4719,23
4720,23
4721,23
4722,23
4723,23
4724,23
4725,23
4726,23
4727,23
4728,23
4729,23
4730,23
4731,23
4732,23
4733,23
4734,23
4735,23
4736,23
4737,23
4738,23
4739,23
4740,21
4741,21
4742,21
4743,23
4744,21
4745,23
4746,23
4747,23
4748,23
4749,23
4750,23
4751,23
4752,23
4753,23
4754,23
4755,23
4756,23
4757,23
4758,23
4759,23
4760,23
4761,23
4762,23
4763,23
4764,23
4765,23
4766,23
4767,23
4768,23
4769,23
4770,23
4771,23
4772,23
4773,23
4774,23
4775,20
4776,23
4777,23
4778,23
4779,23
4780,23
4781,23
4782,23
4783,23
4784,23
4785,20
4786,20
4787,23
4788,23
4789,23
4790,23
4791,23
4792,23
4793,23
4794,23
4795,23
4796,23
4797,23
4798,23
4799,23
4800,23
4801,23
4802,23
4803,23
4804,23
4805,23
4806,23
4807,23
4808,23
4809,23
4810,23
4811,23
4812,23
4813,8
4814,8
4815,8
4816,8
4817,8
4818,8
4819,8
4820,8
4821,8
4822,8
4823,8
4824,8
4825,8
4826,8
4827,8
4828,8
4829,8
4830,8
4831,8
4832,8
4833,8
4834,8
4835,8
4836,8
4837,8
4838,8
4839,8
4840,8
4841,11
4842,11
4843,11
4844,11
4845,11
4846,11
4847,11
4848,11
4849,11
4850,11
4851,11
4852,11
4853,11
4854,11
4855,11
4856,11
4857,11
4858,11
4859,11
4860,11
4861,11
4862,11
4863,11
4864,11
4865,11
4866,11
4867,11
4868,11
4869,11
4870,11
4871,11
4872,11
4873,11
4874,11
4875,11
4876,11
4877,11
4878,11
4879,11
4880,11
4881,11
4882,11
4883,11
4884,11
4885,11
4886,11
4887,11
4888,11
4889,11
4890,11
4891,11
4892,11
4893,11
4894,11
4895,11
4896,11
4897,11
4898,11
4899,11
4900,11
4901,11
4902,11
4903,11
4904,11
4905,11
4906,11
4907,11
4908,11
4909,11
4910,11
4911,11
4912,11
4913,11
4914,11
4915,11
4916,11
4917,11
4918,11
4919,11
4920,11
4921,11
4922,11
4923,11
4924,11
4925,11
4926,11
4927,11
4928,11
4929,11
4930,11
4931,11
4932,11
4933,11
4934,11
4935,11
4936,11
4937,11
4938,11
4939,11
4940,11
4941,11
4942,11
4943,11
4944,11
4945,11
4946,11
4947,11
4948,11
4949,11
4950,11
4951,11
4952,11
4953,11
4954,11
4955,11
4956,11
4957,11
4958,11
4959,11
4960,11
4961,11
4962,11
4963,11
4964,11
4965,11
4966,11
4967,11
4968,11
4969,11
4970,11
4971,11
4972,11
4973,11
4974,11
4975,11
4976,11
4977,11
4978,11
4979,11
4980,11
4981,11
4982,11
4983,11
4984,11
4985,11
4986,11
4987,11
4988,11
4989,11
4990,11
4991,11
4992,11
4993,11
4994,11
4995,11
4996,11
4997,11
4998,11
4999,11
5000,11
5001,11
5002,11
5003,11
5004,11
5005,11
5006,11
5007,11
5008,11
5009,11
5010,11
5011,11
5012,11
5013,11
5014,11
5015,11
5016,11
5017,11
5018,11
5019,11
5020,11
5021,11
5022,11
5023,11
5024,11
5025,11
5026,11
5027,11
5028,11
5029,11
5030,11
5031,11
5032,11
5033,11
5034,11
5035,11
5036,11
5037,11
5038,11
5039,11
5040,11
5041,11
5042,11
5043,11
5044,11
5045,11
5046,11
5047,11
5048,11
5049,11
5050,11
5051,11
5052,11
5053,11
5054,11
5055,11
5056,11
5057,11
5058,11
5059,11
5060,11
5061,11
5062,11
5063,11
5064,11
5065,11
5066,11
5067,11
5068,11
5069,11
5070,11
5071,11
5072,11
5073,11
5074,11
5075,11
5076,11
5077,11
5078,11
5079,11
5080,11
5081,11
5082,11
5083,11
5084,11
5085,11
5086,11
5087,11
5088,11
5089,11
5090,11
5091,11
5092,11
5093,11
5094,11
5095,11
5096,11
5097,11
5098,11
5099,11
5100,11
5101,11
5102,11
5103,11
5104,11
5105,11
5106,11
5107,11
5108,11
5109,11
5110,11
5111,11
5112,11
5113,11
5114,11
5115,11
5116,11
5117,11
5118,11
5119,11
5120,11
5121,11
5122,11
5123,11
5124,11
5125,11
5126,11
5127,11
5128,11
5129,11
5130,11
5131,11
5132,11
5133,11
5134,11
5135,11
5136,11
5137,11
5138,11
5139,11
5140,11
5141,11
5142,11
5143,11
5144,11
5145,11
5146,11
5147,11
5148,11
5149,11
5150,11
5151,11
5152,11
5153,11
5154,11
5155,11
5156,11
5157,11
5158,11
5159,11
5160,11
5161,11
5162,11
5163,11
5164,11
5165,11
5166,11
5167,11
5168,11
5169,11
5170,11
5171,11
5172,11
5173,11
5174,11
5175,11
5176,11
5177,11
5178,11
5179,11
5180,11
5181,11
5182,11
5183,11
5184,11
5185,11
5186,11
5187,11
5188,11
5189,11
5190,11
5191,11
5192,11
5193,11
5194,11
5195,11
5196,11
5197,11
5198,11
5199,11
5200,11
5201,11
5202,11
5203,11
5204,11
5205,11
5206,11
5207,11
5208,11
5209,11
5210,11
5211,11
5212,11
5213,11
5214,11
5215,11
5216,11
5217,11
5218,11
5219,11
5220,11
5221,11
5222,11
5223,11
5224,11
5225,11
5226,11
5227,11
5228,11
5229,11
5230,11
5231,11
5232,11
5233,11
5234,11
5235,11
5236,11
5237,11
5238,11
5239,11
5240,11
5241,11
5242,11
5243,11
5244,11
5245,11
5246,11
5247,11
5248,11
5249,11
5250,11
5251,11
5252,11
5253,11
5254,11
5255,11
5256,11
5257,11
5258,11
5259,11
5260,11
5261,11
5262,11
5263,11
5264,11
5265,11
5266,11
5267,11
5268,11
5269,11
5270,11
5271,11
5272,11
5273,11
5274,11
5275,11
5276,11
5277,11
5278,11
5279,11
5280,11
5281,11
5282,11
5283,11
5284,11
5285,11
5286,11
5287,11
5288,11
5289,11
5290,11
5291,11
5292,11
5293,11
5294,11
5295,11
5296,11
5297,11
5298,11
5299,11
5300,11
5301,11
5302,11
5303,11
5304,11
5305,11
5306,11
5307,11
5308,11
5309,11
5310,11
5311,11
5312,11
5313,11
5314,11
5315,11
5316,11
5317,11
5318,11
5319,11
5320,11
5321,11
5322,11
5323,11
5324,11
5325,11
5326,11
5327,11
5328,11
5329,11
5330,11
5331,11
5332,11
5333,11
5334,11
5335,11
5336,11
5337,11
5338,11
5339,11
5340,11
5341,11
5342,11
5343,11
5344,11
5345,11
5346,11
5347,11
5348,11
5349,11
5350,11
5351,11
5352,11
5353,11
5354,11
5355,11
5356,11
5357,11
5358,11
5359,11
5360,11
5361,11
5362,11
5363,11
5364,11
5365,11
5366,11
5367,11
5368,11
5369,11
5370,11
5371,11
5372,11
5373,11
5374,11
5375,11
5376,11
5377,11
5378,11
5379,11
5380,11
5381,11
5382,11
5383,11
5384,11
5385,11
5386,11
5387,11
5388,11
5389,11
5390,11
5391,11
5392,11
5393,11
5394,11
5395,11
5396,11
5397,11
5398,11
5399,11
5400,11
5401,11
5402,11
5403,11
5404,11
5405,11
5406,11
5407,11
5408,11
5409,11
5410,11
5411,11
5412,11
5413,11
5414,11
5415,11
5416,11
5417,11
5418,11
5419,11
5420,11
5421,11
5422,11
5423,11
5424,11
5425,11
5426,11
5427,11
5428,11
5429,11
5430,11
5431,11
5432,11
5433,11
5434,11
5435,11
5436,11
5437,11
5438,11
5439,11
5440,11
5441,11
5442,11
5443,11
5444,11
5445,11
5446,11
5447,11
5448,11
5449,11
5450,11
5451,11
5452,11
5453,11
5454,11
5455,11
5456,11
5457,11
5458,11
5459,11
5460,11
5461,11
5462,11
5463,11
5464,11
5465,11
5466,11
5467,11
5468,11
5469,11
5470,11
5471,11
5472,11
5473,11
5474,11
5475,11
5476,11
5477,11
5478,11
5479,11
5480,11
5481,11
5482,11
5483,11
5484,11
5485,11
5486,11
5487,11
5488,11
5489,11
5490,11
5491,11
5492,11
5493,11
5494,11
5495,11
5496,11
5497,11
5498,11
5499,11
5500,11
5501,11
5502,11
5503,11
5504,11
5505,11
5506,11
5507,11
5508,11
5509,11
5510,11
5511,11
5512,11
5513,11
5514,11
5515,11
5516,11
5517,11
5518,11
5519,11
5520,11
5521,11
5522,11
5523,11
5524,11
5525,11
5526,11
5527,11
5528,11
5529,11
5530,11
5531,11
5532,11
5533,11
5534,11
5535,11
5536,11
5537,11
5538,11
5539,11
5540,11
5541,11
5542,11
5543,11
5544,11
5545,11
5546,11
5547,11
5548,11
5549,11
5550,11
5551,11
5552,11
5553,11
5554,11
5555,11
5556,11
5557,11
5558,11
5559,11
5560,11
5561,11
5562,11
5563,11
5564,11
5565,11
5566,11
5567,11
5568,11
5569,11
5570,11
5571,11
5572,11
5573,11
5574,11
5575,11
5576,11
5577,11
5578,11
5579,11
5580,11
5581,11
5582,11
5583,11
5584,11
5585,11
5586,11
5587,11
5588,11
5589,11
5590,11
5591,11
5592,11
5593,11
5594,11
5595,11
5596,11
5597,11
5598,11
5599,11
5600,11
5601,11
5602,11
5603,11
5604,11
5605,11
5606,11
5607,11
5608,11
5609,11
5610,11
5611,11
5612,11
5613,11
5614,11
5615,11
5616,11
5617,11
5618,11
5619,11
5620,11
5621,11
5622,11
5623,11
5624,11
5625,11
5626,11
5627,11
5628,11
5629,11
5630,11
5631,11
5632,11
5633,11
5634,11
5635,11
5636,11
5637,11
5638,11
5639,11
5640,11
5641,11
5642,11
5643,11
5644,11
5645,11
5646,11
5647,11
5648,11
5649,11
5650,11
5651,11
5652,11
5653,11
5654,11
5655,11
5656,11
5657,11
5658,11
5659,11
5660,11
5661,11
5662,11
5663,11
5664,11
5665,11
5666,11
5667,11
5668,11
5669,11
5670,11
5671,11
5672,11
5673,11
5674,11
5675,11
5676,11
5677,11
5678,11
5679,11
5680,11
5681,11
5682,11
5683,11
5684,11
5685,11
5686,11
5687,11
5688,11
5689,11
5690,11
5691,11
5692,11
5693,11
5694,11
5695,11
5696,11
5697,11
5698,11
5699,11
5700,11
5701,11
5702,11
5703,11
5704,11
5705,11
5706,11
5707,11
5708,11
5709,11
5710,11
5711,11
5712,11
5713,11
5714,11
5715,11
5716,11
5717,11
5718,11
5719,11
5720,11
5721,11
5722,11
5723,11
5724,11
5725,11
5726,11
5727,11
5728,11
5729,11
5730,11
5731,11
5732,11
5733,11
5734,11
5735,11
5736,11
5737,11
5738,11
5739,11
5740,11
5741,11
5742,11
5743,11
5744,11
5745,11
5746,11
5747,11
5748,11
5749,11
5750,11
5751,11
5752,11
5753,11
5754,11
5755,11
5756,11
5757,11
5758,11
5759,11
5760,11
5761,11
5762,11
5763,11
5764,11
5765,11
5766,11
5767,11
5768,11
5769,11
5770,11
5771,11
5772,11
5773,11
5774,11
5775,11
5776,11
5777,11
5778,11
5779,11
5780,11
5781,11
5782,11
5783,11
5784,11
5785,11
5786,11
5787,11
5788,11
5789,11
5790,11
5791,11
5792,11
5793,11
5794,11
5795,11
5796,11
5797,11
5798,11
5799,11
5800,11
5801,11
5802,11
5803,11
5804,11
5805,11
5806,11
5807,11
5808,11
5809,11
5810,11
5811,11
5812,11
5813,11
5814,11
5815,11
5816,11
5817,11
5818,11
5819,11
5820,11
5821,11
5822,11
5823,11
5824,11
5825,11
5826,11
5827,11
5828,11
5829,11
5830,11
5831,11
5832,11
5833,11
5834,11
5835,11
5836,11
5837,11
5838,11
5839,11
5840,11
5841,11
5842,11
5843,11
5844,11
5845,11
5846,11
5847,11
5848,11
5849,11
5850,11
5851,11
5852,11
5853,11
5854,11
5855,11
5856,11
5857,11
5858,11
5859,11
5860,11
5861,11
5862,11
5863,11
5864,11
5865,11
5866,11
5867,11
5868,11
5869,11
5870,11
5871,11
5872,11
5873,11
5874,11
5875,11
5876,11
5877,11
5878,11
5879,11
5880,11
5881,11
5882,11
5883,11
5884,11
5885,11
5886,11
5887,11
5888,11
5889,11
5890,11
5891,11
5892,11
5893,11
5894,11
5895,11
5896,11
5897,11
5898,11
5899,11
5900,11
5901,11
5902,11
5903,11
5904,11
5905,11
5906,11
5907,11
5908,11
5909,11
5910,11
5911,11
5912,11
5913,11
5914,11
5915,11
5916,11
5917,11
5918,11
5919,11
5920,11
5921,11
5922,11
5923,11
5924,11
5925,11
5926,11
5927,11
5928,11
5929,11
5930,11
5931,11
5932,11
5933,11
5934,11
5935,11
5936,11
5937,11
5938,11
5939,11
5940,11
5941,11
5942,11
5943,11
5944,11
5945,11
5946,11
5947,11
5948,11
5949,11
5950,11
5951,11
5952,11
5953,11
5954,11
5955,11
5956,11
5957,11
5958,11
5959,11
5960,11
5961,11
5962,11
5963,11
5964,11
5965,11
5966,11
5967,11
5968,11
5969,11
5970,11
5971,11
5972,11
5973,11
5974,11
5975,11
5976,11
5977,11
5978,11
5979,11
5980,11
5981,11
5982,11
5983,11
5984,11
5985,11
5986,11
5987,11
5988,11
5989,11
5990,11
5991,11
5992,11
5993,11
5994,11
5995,11
5996,11
5997,11
5998,11
5999,11
6000,11
6001,11
6002,11
6003,11
6004,11
6005,11
6006,11
6007,11
6008,11
6009,11
6010,11
6011,11
6012,11
6013,11
6014,11
6015,11
6016,11
6017,11
6018,11
6019,11
6020,11
6021,11
6022,11
6023,11
6024,11
6025,11
6026,11
6027,11
6028,11
6029,11
6030,11
6031,11
6032,11
6033,11
6034,11
6035,11
6036,11
6037,11
6038,11
6039,11
6040,11
6041,11
6042,11
6043,11
6044,11
6045,11
6046,11
6047,11
6048,11
6049,11
6050,11
6051,11
6052,11
6053,11
6054,11
6055,11
6056,11
6057,11
6058,11
6059,11
6060,11
6061,11
6062,11
6063,11
6064,11
6065,11
6066,11
6067,11
6068,11
6069,11
6070,11
6071,11
6072,11
6073,11
6074,11
6075,11
6076,11
6077,11
6078,11
6079,11
6080,11
6081,11
6082,11
6083,11
6084,11
6085,11
6086,11
6087,11
6088,11
6089,11
6090,11
6091,11
6092,11
6093,11
6094,11
6095,11
6096,11
6097,11
6098,11
6099,11
6100,11
6101,11
6102,11
6103,11
6104,11
6105,11
6106,11
6107,11
6108,11
6109,11
6110,11
6111,11
6112,11
6113,11
6114,11
6115,11
6116,11
6117,11
6118,11
6119,11
6120,11
6121,11
6122,11
6123,11
6124,11
6125,11
6126,11
6127,11
6128,11
6129,11
6130,11
6131,11
6132,11
6133,11
6134,11
6135,11
6136,11
6137,11
6138,11
6139,11
6140,11
6141,11
6142,11
6143,11
6144,11
6145,11
6146,11
6147,11
6148,11
6149,11
6150,11
6151,11
6152,11
6153,11
6154,11
6155,11
6156,11
6157,11
6158,11
6159,11
6160,11
6161,11
6162,11
6163,11
6164,11
6165,11
6166,11
6167,11
6168,11
6169,11
6170,11
6171,11
6172,11
6173,11
6174,11
6175,11
6176,11
6177,11
6178,11
6179,11
6180,11
6181,11
6182,11
6183,11
6184,11
6185,11
6186,11
6187,11
6188,11
6189,11
6190,11
6191,11
6192,11
6193,11
6194,11
6195,11
6196,11
6197,11
6198,11
6199,11
6200,11
6201,11
6202,11
6203,11
6204,11
6205,11
6206,11
6207,11
6208,11
6209,11
6210,11
6211,11
6212,11
6213,11
6214,11
6215,11
6216,11
6217,11
6218,11
6219,11
6220,11
6221,11
6222,11
6223,11
6224,11
6225,11
6226,11
6227,11
6228,11
6229,11
6230,11
6231,11
6232,11
6233,11
6234,11
6235,11
6236,11
6237,11
6238,11
6239,11
6240,11
6241,11
6242,11
6243,11
6244,11
6245,11
6246,11
6247,11
6248,11
6249,11
6250,11
6251,11
6252,11
6253,11
6254,11
6255,11
6256,11
6257,11
6258,11
6259,11
6260,11
6261,11
6262,11
6263,11
6264,11
6265,11
6266,11
6267,11
6268,11
6269,11
6270,11
6271,11
6272,11
6273,11
6274,11
6275,11
6276,11
6277,11
6278,11
6279,11
6280,11
6281,11
6282,11
6283,11
6284,11
6285,11
6286,11
6287,11
6288,11
6289,11
6290,11
6291,11
6292,11
6293,11
6294,11
6295,11
6296,11
6297,11
6298,11
6299,11
6300,11
6301,11
6302,11
6303,11
6304,11
6305,11
6306,11
6307,11
6308,11
6309,11
6310,11
6311,11
6312,11
6313,11
6314,11
6315,11
6316,11
6317,11
6318,11
6319,11
6320,11
6321,11
6322,11
6323,11
6324,11
6325,11
6326,11
6327,11
6328,11
6329,11
6330,11
6331,11
6332,11
6333,11
6334,11
6335,11
6336,11
6337,11
6338,11
6339,11
6340,11
6341,11
6342,11
6343,11
6344,11
6345,11
6346,11
6347,11
6348,11
6349,11
6350,11
6351,11
6352,11
6353,11
6354,11
6355,11
6356,11
6357,11
6358,11
6359,11
6360,11
6361,11
6362,11
6363,11
6364,11
6365,11
6366,11
6367,11
6368,11
6369,11
6370,11
6371,11
6372,11
6373,11
6374,11
6375,11
6376,11
6377,11
6378,11
6379,11
6380,11
6381,11
6382,11
6383,11
6384,11
6385,11
6386,11
6387,11
6388,11
6389,11
6390,11
6391,11
6392,11
6393,11
6394,11
6395,11
6396,11
6397,11
6398,11
6399,11
6400,11
6401,11
6402,11
6403,11
6404,11
6405,11
6406,11
6407,11
6408,11
6409,11
6410,11
6411,11
6412,11
6413,11
6414,11
6415,11
6416,11
6417,11
6418,11
6419,11
6420,11
6421,11
6422,11
6423,11
6424,11
6425,11
6426,11
6427,11
6428,11
6429,11
6430,11
6431,11
6432,11
6433,11
6434,11
6435,11
6436,11
6437,11
6438,11
6439,11
6440,11
6441,11
6442,11
6443,11
6444,11
6445,11
6446,11
6447,11
6448,11
6449,11
6450,11
6451,11
6452,11
6453,11
6454,11
6455,11
6456,11
6457,11
6458,11
6459,11
6460,11
6461,11
6462,11
6463,11
6464,11
6465,11
6466,11
6467,11
6468,11
6469,11
6470,11
6471,11
6472,11
6473,11
6474,11
6475,11
6476,11
6477,11
6478,11
6479,11
6480,11
6481,11
6482,11
6483,11
6484,11
6485,11
6486,11
6487,11
6488,11
6489,11
6490,11
6491,11
6492,11
6493,11
6494,11
6495,11
6496,11
6497,11
6498,11
6499,11
6500,11
6501,11
6502,11
6503,11
6504,11
6505,11
6506,11
6507,11
6508,11
6509,11
6510,11
6511,11
6512,11
6513,11
6514,11
6515,11
6516,11
6517,11
6518,11
6519,11
6520,11
6521,11
6522,11
6523,11
6524,11
6525,11
6526,11
6527,11
6528,11
6529,11
6530,11
6531,11
6532,11
6533,11
6534,11
6535,11
6536,11
6537,11
6538,11
6539,11
6540,11
6541,11
6542,11
6543,11
6544,11
6545,11
6546,11
6547,11
6548,11
6549,11
6550,11
6551,11
6552,11
6553,11
6554,11
6555,11
6556,11
6557,11
6558,11
6559,11
6560,11
6561,11
6562,11
6563,11
6564,11
6565,11
6566,11
6567,11
6568,11
6569,11
6570,11
6571,11
6572,11
6573,11
6574,11
6575,11
6576,11
6577,11
6578,11
6579,11
6580,11
6581,11
6582,11
6583,11
6584,11
6585,11
6586,11
6587,11
6588,11
6589,11
6590,11
6591,11
6592,11
6593,11
6594,11
6595,11
6596,11
6597,11
6598,11
6599,11
6600,11
6601,11
6602,11
6603,11
6604,11
6605,11
6606,11
6607,11
6608,11
6609,11
6610,11
6611,11
6612,11
6613,11
6614,11
6615,11
6616,11
6617,11
6618,11
6619,11
6620,11
6621,11
6622,11
6623,11
6624,11
6625,11
6626,11
6627,11
6628,11
6629,11
6630,11
6631,11
6632,11
6633,11
6634,11
6635,11
6636,11
6637,11
6638,11
6639,11
6640,11
6641,11
6642,11
6643,11
6644,11
6645,11
6646,11
6647,11
6648,11
6649,11
6650,11
6651,11
6652,11
6653,11
6654,11
6655,11
6656,11
6657,11
6658,11
6659,11
6660,11
6661,11
6662,11
6663,11
6664,11
6665,11
6666,11
6667,11
6668,11
6669,11
6670,11
6671,11
6672,11
6673,11
6674,11
6675,11
6676,11
6677,11
6678,11
6679,11
6680,11
6681,11
6682,11
6683,11
6684,11
6685,11
6686,11
6687,11
6688,11
6689,11
6690,11
6691,11
6692,11
6693,11
6694,11
6695,11
6696,11
6697,11
6698,11
6699,11
6700,11
6701,11
6702,11
6703,11
6704,11
6705,11
6706,11
6707,11
6708,11
6709,11
6710,11
6711,11
6712,11
6713,11
6714,11
6715,11
6716,11
6717,11
6718,11
6719,11
6720,11
6721,11
6722,11
6723,11
6724,11
6725,11
6726,11
6727,11
6728,11
6729,11
6730,11
6731,11
6732,11
6733,11
6734,11
6735,11
6736,11
6737,11
6738,11
6739,11
6740,11
6741,11
6742,11
6743,11
6744,11
6745,11
6746,11
6747,11
6748,11
6749,11
6750,11
6751,11
6752,11
6753,11
6754,11
6755,11
6756,11
6757,11
6758,11
6759,11
6760,11
6761,11
6762,11
6763,11
6764,11
6765,11
6766,11
6767,11
6768,11
6769,11
6770,11
6771,11
6772,11
6773,11
6774,11
6775,11
6776,11
6777,11
6778,11
6779,11
6780,11
6781,11
6782,11
6783,11
6784,11
6785,11
6786,11
6787,11
6788,11
6789,11
6790,11
6791,11
6792,11
6793,11
6794,11
6795,11
6796,11
6797,11
6798,11
6799,11
6800,11
6801,11
6802,11
6803,11
6804,11
6805,11
6806,11
6807,11
6808,11
6809,11
6810,11
6811,11
6812,11
6813,11
6814,11
6815,11
6816,11
6817,11
6818,11
6819,11
6820,11
6821,11
6822,11
6823,11
6824,11
6825,11
6826,11
6827,11
6828,11
6829,11
6830,11
6831,11
6832,11
6833,11
6834,11
6835,11
6836,11
6837,11
6838,11
6839,11
6840,11
6841,11
6842,11
6843,11
6844,11
6845,11
6846,11
6847,11
6848,11
6849,11
6850,11
6851,11
6852,11
6853,11
6854,11
6855,11
6856,11
6857,11
6858,11
6859,11
6860,11
6861,11
6862,11
6863,11
6864,11
6865,11
6866,11
6867,11
6868,11
6869,11
6870,11
6871,11
6872,11
6873,11
6874,11
6875,11
6876,11
6877,11
6878,11
6879,11
6880,11
6881,11
6882,11
6883,11
6884,11
6885,11
6886,11
6887,11
6888,11
6889,11
6890,11
6891,11
6892,11
6893,11
6894,11
6895,11
6896,11
6897,11
6898,11
6899,11
6900,11
6901,11
6902,11
6903,11
6904,11
6905,11
6906,10
6907,10
6908,10
6909,10
6910,10
6911,10
6912,10
6913,10
6914,10
6915,10
6916,10
6917,10
6918,10
6919,10
6920,10
6921,10
6922,10
6923,10
6924,10
6925,10
6926,10
6927,10
6928,10
6929,10
6930,10
6931,10
6932,10
6933,10
6934,10
6935,10
6936,10
6937,10
6938,10
6939,10
6940,10
6941,10
6942,10
6943,10
6944,10
6945,10
6946,10
6947,10
6948,10
6949,10
6950,10
6951,10
6952,10
6953,10
6954,10
6955,10
6956,10
6957,10
6958,10
6959,10
6960,10
6961,10
6962,10
6963,10
6964,10
6965,10
6966,10
6967,10
6968,10
6969,10
6970,10
6971,10
6972,10
6973,10
6974,10
6975,10
6976,10
6977,10
6978,10
6979,10
6980,10
6981,10
6982,10
6983,10
6984,10
6985,10
6986,10
6987,10
6988,10
6989,10
6990,10
6991,10
6992,10
6993,10
6994,10
6995,10
6996,10
6997,10
6998,10
6999,10
7000,10
7001,10
7002,10
7003,10
7004,10
7005,10
7006,10
7007,10
7008,10
7009,10
7010,10
7011,10
7012,10
7013,10
7014,10
7015,10
7016,10
7017,10
7018,10
7019,10
7020,10
7021,10
7022,10
7023,10
7024,10
7025,10
7026,10
7027,10
7028,10
7029,10
7030,10
7031,10
7032,10
7033,10
7034,10
7035,10
7036,10
7037,10
7038,10
7039,10
7040,10
7041,10
7042,10
7043,10
7044,10
7045,10
7046,10
7047,10
7048,10
7049,10
7050,10
7051,10
7052,10
7053,10
7054,10
7055,10
7056,10
7057,10
7058,10
7059,10
7060,10
7061,10
7062,10
7063,10
7064,10
7065,10
7066,10
7067,10
7068,10
7069,10
7070,10
7071,10
7072,10
7073,10
7074,10
7075,10
7076,10
7077,10
7078,10
7079,10
7080,10
7081,10
7082,10
7083,10
7084,10
7085,10
7086,10
7087,10
7088,10
7089,10
7090,10
7091,10
7092,10
7093,10
7094,10
7095,10
7096,10
7097,10
7098,10
7099,10
7100,10
7101,10
7102,10
7103,10
7104,10
7105,10
7106,10
7107,10
7108,10
7109,10
7110,10
7111,10
7112,10
7113,10
7114,10
7115,10
7116,10
7117,10
7118,10
7119,10
7120,10
7121,10
7122,10
7123,10
7124,10
7125,10
7126,10
7127,10
7128,10
7129,10
7130,10
7131,10
7132,10
7133,10
7134,10
7135,10
7136,10
7137,10
7138,10
7139,10
7140,10
7141,10
7142,10
7143,10
7144,10
7145,10
7146,10
7147,10
7148,10
7149,10
7150,10
7151,10
7152,10
7153,10
7154,10
7155,10
7156,10
7157,10
7158,10
7159,10
7160,10
7161,10
7162,10
7163,10
7164,10
7165,10
7166,10
7167,10
7168,10
7169,10
7170,10
7171,10
7172,10
7173,10
7174,10
7175,10
7176,10
7177,10
7178,10
7179,10
7180,10
7181,10
7182,10
7183,10
7184,10
7185,10
7186,10
7187,10
7188,10
7189,10
7190,10
7191,10
7192,10
7193,10
7194,10
7195,10
7196,10
7197,10
7198,10
7199,10
7200,10
7201,10
7202,10
7203,10
7204,10
7205,10
7206,10
7207,10
7208,10
7209,10
7210,10
7211,10
7212,10
7213,10
7214,10
7215,10
7216,10
7217,10
7218,10
7219,10
7220,10
7221,10
7222,10
7223,10
7224,10
7225,10
7226,10
7227,10
7228,10
7229,10
7230,10
7231,10
7232,10
7233,10
7234,10
7235,10
7236,10
7237,10
7238,10
7239,10
7240,10
7241,10
7242,10
7243,10
7244,10
7245,10
7246,10
7247,10
7248,10
7249,10
7250,10
7251,10
7252,10
7253,10
7254,10
7255,10
7256,10
7257,10
7258,10
7259,10
7260,10
7261,10
7262,10
7263,10
7264,10
7265,10
7266,10
7267,10
7268,10
7269,10
7270,10
7271,10
7272,10
7273,10
7274,10
7275,10
7276,10
7277,10
7278,10
7279,10
7280,10
7281,10
7282,10
7283,10
7284,9
7285,5
7286,5
7287,5
7288,5
7289,4
7290,1
7291,1
7292,1
7293,1
7294,1
7295,1
7296,1
7297,1
7298,1
7299,1
7300,1
7301,1
7302,1
7303,1
7304,1
7305,1
7306,1
7307,1
7308,1
7309,1
7310,1
7311,1
7312,1
7313,1
7314,1
7315,1
7316,1
7317,1
7318,1
7319,1
7320,1
7321,1
7322,1
7323,1
7324,1
7325,1
7326,1
7327,1
7328,1
7329,1
7330,1
7331,1
7332,1
7333,1
7334,1
7335,1
7336,1
7337,1
7338,1
7339,1
7340,1
7341,1
7342,1
7343,1
7344,1
7345,1
7346,1
7347,1
7348,1
7349,1
7350,1
7351,1
7352,1
7353,1
7354,1
7355,1
7356,1
7357,1
7358,1
7359,1
7360,1
7361,1
7362,1
7363,1
7364,1
7365,1
7366,1
7367,1
7368,1
7369,1
7370,1
7371,1
7372,1
7373,1
7374,1
7375,1
7376,1
7377,1
7378,1
7379,1
7380,1
7381,1
7382,1
7383,1
7384,1
7385,1
7386,1
7387,1
7388,1
7389,1
7390,1
7391,1
7392,1
7393,1
7394,1
7395,1
7396,1
7397,1
7398,1
7399,1
7400,1
7401,1
7402,1
7403,1
7404,1
7405,1
7406,1
7407,1
7408,1
7409,1
7410,1
7411,1
7412,1
7413,1
7414,1
7415,1
7416,1
7417,1
7418,1
7419,1
7420,1
7421,1
7422,1
7423,1
7424,1
7425,1
7426,1
7427,1
7428,1
7429,1
7430,1
7431,1
7432,1
7433,1
7434,1
7435,1
7436,1
7437,1
7438,1
7439,1
7440,1
7441,1
7442,1
7443,1
7444,1
7445,1
7446,1
7447,1
7448,1
7449,1
7450,1
7451,1
7452,1
7453,1
7454,1
7455,1
7456,1
7457,1
7458,1
7459,1
7460,1
7461,1
7462,1
7463,1
7464,1
7465,1
7466,1
7467,1
7468,1
7469,1
7470,1
7471,1
7472,1
7473,1
7474,1
7475,1
7476,1
7477,1
7478,1
7479,1
7480,1
7481,1
7482,1
7483,1
7484,1
7485,1
7486,1
7487,1
7488,1
7489,1
7490,1
7491,1
7492,1
7493,1
7494,1
7495,1
7496,1
7497,1
7498,1
7499,1
7500,1
7501,1
7502,1
7503,1
7504,1
7505,1
7506,1
7507,1
7508,1
7509,1
7510,1
7511,1
7512,1
7513,1
7514,1
7515,1
7516,1
7517,1
7518,1
7519,1
7520,1
7521,1
7522,1
7523,1
7524,1
7525,1
7526,1
7527,1
7528,1
7529,1
7530,1
7531,1
7532,1
7533,1
7534,1
7535,1
7536,1
7537,1
7538,1
7539,1
7540,1
7541,1
7542,1
7543,1
7544,1
7545,1
7546,1
7547,1
7548,1
7549,1
7550,1
7551,1
7552,1
7553,1
7554,1
7555,1
7556,1
7557,1
7558,1
7559,1
7560,1
7561,1
7562,1
7563,1
7564,1
7565,1
7566,1
7567,1
7568,1
7569,1
7570,1
7571,1
7572,1
7573,1
7574,1
7575,1
7576,1
7577,1
7578,1
7579,1
7580,1
7581,1
7582,1
7583,1
7584,1
7585,1
7586,1
7587,1
7588,1
7589,1
7590,1
7591,1
7592,1
7593,1
7594,1
7595,1
7596,1
7597,1
7598,1
7599,1
7600,1
7601,1
7602,1
7603,1
7604,1
7605,1
7606,1
7607,1
7608,1
7609,1
7610,1
7611,1
7612,1
7613,1
7614,1
7615,1
7616,1
7617,1
7618,1
7619,1
7620,1
7621,1
7622,1
7623,1
7624,1
7625,1
7626,1
7627,1
7628,1
7629,1
7630,1
7631,1
7632,1
7633,1
7634,1
7635,1
7636,1
7637,1
7638,1
7639,1
7640,1
7641,1
7642,1
7643,1
7644,1
7645,1
7646,1
7647,1
7648,1
7649,1
7650,1
7651,1
7652,1
7653,1
7654,1
7655,1
7656,1
7657,1
7658,1
7659,1
7660,1
7661,1
7662,1
7663,1
7664,1
7665,1
7666,1
7667,1
7668,1
7669,1
7670,1
7671,1
7672,1
7673,1
7674,1
7675,1
7676,1
7677,1
7678,1
7679,1
7680,1
7681,1
7682,1
7683,1
7684,1
7685,1
7686,1
7687,1
7688,1
7689,1
7690,1
7691,1
7692,1
7693,1
7694,1
7695,1
7696,1
7697,1
7698,1
7699,1
7700,1
7701,1
7702,1
7703,1
7704,1
7705,1
7706,1
7707,1
7708,1
7709,1
7710,1
7711,1
7712,1
7713,1
7714,1
7715,1
7716,1
7717,1
7718,1
7719,1
7720,1
7721,1
7722,1
7723,1
7724,1
7725,1
7726,1
7727,1
7728,1
7729,1
7730,1
7731,1
7732,1
7733,1
7734,1
7735,1
7736,1
7737,1
7738,1
7739,1
7740,1
7741,1
7742,1
7743,1
7744,1
7745,1
7746,1
7747,1
7748,1
7749,1
7750,1
7751,1
7752,1
7753,1
7754,1
7755,1
7756,1
7757,1
7758,1
7759,1
7760,1
7761,1
7762,1
7763,1
7764,1
7765,1
7766,1
7767,1
7768,1
7769,1
7770,1
7771,1
7772,1
7773,1
7774,1
7775,1
7776,1
7777,1
7778,1
7779,1
7780,1
7781,1
7782,1
7783,1
7784,1
7785,1
7786,1
7787,1
7788,1
7789,1
7790,1
7791,1
7792,1
7793,1
7794,1
7795,1
7796,1
7797,1
7798,1
7799,1
7800,1
7801,1
7802,1
7803,1
7804,1
7805,1
7806,1
7807,1
7808,1
7809,1
7810,1
7811,1
7812,1
7813,1
7814,1
7815,1
7816,1
7817,1
7818,1
7819,1
7820,1
7821,1
7822,1
7823,1
7824,1
7825,1
7826,1
7827,1
7828,1
7829,1
7830,1
7831,1
7832,1
7833,1
7834,1
7835,1
7836,1
7837,1
7838,1
7839,1
7840,1
7841,1
7842,1
7843,1
7844,1
7845,1
7846,1
7847,1
7848,1
7849,1
7850,1
7851,1
7852,1
7853,1
7854,1
7855,1
7856,1
7857,1
7858,1
7859,1
7860,1
7861,1
7862,1
7863,1
7864,1
7865,1
7866,1
7867,1
7868,1
7869,1
7870,1
7871,1
7872,1
7873,1
7874,1
7875,1
7876,1
7877,1
7878,1
7879,1
7880,1
7881,1
7882,1
7883,1
7884,1
7885,1
7886,1
7887,1
7888,1
7889,1
7890,1
7891,1
7892,1
7893,1
7894,1
7895,1
7896,1
7897,1
7898,1
7899,1
7900,1
7901,1
7902,1
7903,1
7904,1
7905,1
7906,1
7907,1
7908,1
7909,1
7910,1
7911,1
7912,1
7913,1
7914,1
7915,1
7916,1
7917,1
7918,1
7919,1
7920,1
7921,1
7922,1
7923,1
7924,1
7925,1
7926,1
7927,1
7928,1
7929,1
7930,1
7931,1
7932,1
7933,1
7934,1
7935,1
7936,1
7937,1
7938,1
7939,1
7940,1
7941,1
7942,1
7943,1
7944,1
7945,1
7946,1
7947,1
7948,1
7949,1
7950,1
7951,1
7952,1
7953,1
7954,1
7955,1
7956,1
7957,1
7958,1
7959,1
7960,1
7961,1
7962,1
7963,1
7964,1
7965,1
7966,1
7967,1
7968,1
7969,1
7970,1
7971,1
7972,1
7973,1
7974,1
7975,1
7976,1
7977,1
7978,1
7979,1
7980,1
7981,1
7982,1
7983,1
7984,1
7985,1
7986,1
7987,1
7988,1
7989,1
7990,1
7991,1
7992,1
7993,1
7994,1
7995,1
7996,1
7997,1
7998,1
7999,1
8000,1
8001,1
8002,1
8003,1
8004,1
8005,1
8006,1
8007,1
8008,1
8009,1
8010,1
8011,1
8012,1
8013,1
8014,1
8015,1
8016,1
8017,1
8018,1
8019,1
8020,1
8021,1
8022,1
8023,1
8024,1
8025,1
8026,1
8027,1
8028,1
8029,1
8030,1
8031,1
8032,1
8033,1
8034,1
8035,1
8036,1
8037,1
8038,1
8039,1
8040,1
8041,1
8042,1
8043,1
8044,1
8045,1
8046,1
8047,1
8048,1
8049,1
8050,1
8051,1
8052,1
8053,1
8054,1
8055,1
8056,1
8057,1
8058,1
8059,1
8060,1
8061,1
8062,1
8063,1
8064,1
8065,1
8066,1
8067,1
8068,1
8069,1
8070,1
8071,1
8072,1
8073,1
8074,1
8075,1
8076,1
8077,1
8078,1
8079,1
8080,1
8081,1
8082,1
8083,1
8084,1
8085,1
8086,1
8087,1
8088,1
8089,1
8090,1
8091,1
8092,1
8093,1
8094,1
8095,1
8096,1
8097,1
8098,1
8099,1
8100,1
8101,1
8102,1
8103,1
8104,1
8105,1
8106,1
8107,1
8108,1
8109,1
8110,1
8111,1
8112,1
8113,1
8114,1
8115,1
8116,1
8117,1
8118,1
8119,1
8120,1
8121,1
8122,1
8123,1
8124,1
8125,1
8126,1
8127,1
8128,1
8129,1
8130,1
8131,1
8132,1
8133,1
8134,1
8135,1
8136,1
8137,1
8138,1
8139,1
8140,1
8141,1
8142,1
8143,1
8144,1
8145,1
8146,1
8147,1
8148,1
8149,1
8150,1
8151,1
8152,1
8153,1
8154,1
8155,1
8156,1
8157,1
8158,1
8159,1
8160,1
8161,1
8162,1
8163,1
8164,1
8165,1
8166,1
8167,1
8168,1
8169,1
8170,1
8171,1
8172,1
8173,1
8174,1
8175,1
8176,1
8177,1
8178,1
8179,1
8180,1
8181,1
8182,1
8183,1
8184,1
8185,1
8186,1
8187,1
8188,1
8189,1
8190,1
8191,1
8192,1
8193,1
8194,1
8195,1
8196,1
8197,1
8198,1
8199,1
8200,1
8201,1
8202,1
8203,1
8204,1
8205,1
8206,1
8207,1
8208,1
8209,1
8210,1
8211,1
8212,1
8213,1
8214,1
8215,1
8216,1
8217,1
8218,1
8219,1
8220,1
8221,1
8222,1
8223,1
8224,1
8225,2
8226,2
8227,2
8228,2
8229,2
8230,2
8231,2
8232,2
8233,7
8234,7
8235,7
8236,8
8237,8
8238,8
8239,8
8240,9
8241,13
8242,16
8243,21
8244,21
8245,21
8246,21
8247,21
8248,21
8249,21
8250,21
8251,21
8252,21
8253,21
8254,21
8255,21
8256,21
8257,21
8258,21
8259,21
8260,21
8261,21
8262,21
8263,21
8264,21
8265,21
8266,21
8267,21
8268,21
8269,21
8270,21
8271,21
8272,21
8273,21
8274,21
8275,21
8276,21
8277,21
8278,21
8279,21
8280,21
8281,21
8282,21
8283,21
8284,21
8285,21
8286,21
8287,21
8288,21
8289,21
8290,21
8291,21
8292,21
8293,21
8294,21
8295,21
8296,21
8297,21
8298,21
8299,21
8300,21
8301,21
8302,21
8303,21
8304,21
8305,21
8306,21
8307,21
8308,21
8309,21
8310,21
8311,21
8312,21
8313,21
8314,21
8315,21
8316,21
8317,21
8318,21
8319,21
8320,21
8321,21
8322,21
8323,21
8324,21
8325,21
8326,21
8327,21
8328,21
8329,21
8330,21
8331,21
8332,21
8333,21
8334,21
8335,21
8336,21
8337,21
8338,21
8339,21
8340,21
8341,21
8342,21
8343,21
8344,21
8345,21
8346,21
8347,21
8348,21
8349,21
8350,21
8351,21
8352,21
8353,21
8354,21
8355,21
8356,21
8357,21