Isolate,Vancomycin,Streptomycin,Macrolide,Chloramphenicol,Amikacin/Gentamicin/Kanamycin/Tobramycin,Florfenicol/Oxazolidinone,Chloramphenicol/Florfenicol,Amikacin/Kanamycin,Other antimicrobial,Tetracycline,Lincosamide/Macrolide/Streptogramin,Lincosamides,Lincosamide/Streptogramin,Other aminoglycoside resistance (non-RMT),Trimethoprim,Fosfomycin,Quinolone,Amikacin/Kanamycin/Tobramycin,Streptogramin
NZ_OR251470.1,"vanA,vanH-A,vanX-A,vanY-A,vanZ-A",,,,,,,,,,,,,,,,,,
NZ_OR234015.1,"vanA,vanX-A,vanY-A,vanZ-A",,,,,,,,,,,,,,,,,,
NZ_OR298096.1,"vanA,vanH-A,vanX-A,vanY-A,vanZ-A",,,,,,,,,,,,,,,,,,
NZ_OR262468.1,"vanA,vanH-A,vanX-A,vanY-A*,vanZ-A",,,,,,,,,,,,,,,,,,
NZ_OR208591.1,"vanA,vanH-A,vanX-A,vanY-A,vanZ-A",,,,,,,,,,,,,,,,,,
NZ_CP060865.1,,,,,,,,,,,,,,,,,,,
NZ_CP060864.1,,,,,,,,,,,,,,,,,,,
NZ_CP060863.1,,,,,,,,,,,,,,,,,,,
NZ_CP060862.1,"vanA,vanH-A,vanR-A,vanS-A,vanX-A,vanY-A,vanZ-A",ant(6)-Ia,erm(B),catA,,,,,,,,,,,,,,,
OR251469.1,"vanA,vanH-A,vanX-A,vanY-A,vanZ-A",,,,,,,,,,,,,,,,,,
OR209137.1,,,erm(B),,aac(6')-Ie/aph(2'')-Ia,optrA*,fexA*,,,,,,,,,,,,
NZ_CP043485.1,,,,,,,,,,,,,,,,,,,
NC_014959.1,"vanA*,vanH-A,vanR-A,vanS-A,vanX-A,vanY-A*,vanZ-A",ant(6)-Ia,erm(B),,,,,aph(3')-IIIa,sat4,,,,,,,,,,
NZ_CP044327.1,,,,,,,,,,,,,,,,,,,
NZ_CP044325.1,,,,,,,,,,,,,,,,,,,
NZ_CP044324.1,,,,,,,,,,,,,,,,,,,
NZ_CP044322.1,,,,,,,,,,,,,,,,,,,
NZ_CP044321.1,,,,,,,,,,,,,,,,,,,
NZ_CP044320.1,"vanA*,vanH-A,vanR-A,vanS-A,vanX-A,vanY-A*,vanZ-A",ant(6)-Ia,erm(B),,,,,aph(3')-IIIa,sat4,,,,,,,,,,
NZ_CP044319.1,,,,,,,,,,"tet(L),tet(M)",,,,,,,,,
NZ_CP044318.1,,,erm(B),,,optrA*,,,,,cfr(D),,,,,,,,
NZ_CP044317.1,,,,,aac(6')-Ie/aph(2'')-Ia*,,,,,,,,,,,,,,
NZ_CP059754.1,,,,,,,,,,,,,,,,,,,
NZ_CP059753.1,,,,,,,,,,,,,,,,,,,
NZ_CP059752.1,,,,,,,,,,,,,,,,,,,
NZ_CP059750.1,,,erm(B)*,,,,,aph(3')-IIIa,,,,,,,,,,,
NZ_CP059749.1,"vanA*,vanH-A,vanR-A,vanS-A,vanX-A,vanY-A*,vanZ-A",,,,,,,,,,,,,,,,,,
NZ_CP059748.1,,,,,aac(6')-Ie/aph(2'')-Ia*,,,,,,,,,,,,,,
NZ_CP059746.1,,,,,,,,,,,,,,,,,,,
NZ_CP059744.1,,,,,,,,,,,,,,,,,,,
NZ_CP059743.1,,,erm(B)*,,,,,aph(3')-IIIa,,,,,,,,,,,
NZ_CP059741.1,,,,,,,,,,,,,,,,,,,
NZ_CP059740.1,,,,,aac(6')-Ie/aph(2'')-Ia*,,,,,,,,,,,,,,
NZ_CP059792.1,,,,,,,,,,,,,,,,,,,
NZ_CP059791.1,,,,,,,,,,,,,,,,,,,
NZ_CP059790.1,,,,,,,,,,,,,,,,,,,
NZ_CP059789.1,,,,,,,,,,,,,,,,,,,
NZ_CP059788.1,,,,,,,,,,,,,,,,,,,
NZ_CP059787.1,,,,,,,,,,,,,,,,,,,
NZ_CP059786.1,,ant(6)-Ia,,,,,,aph(3')-IIIa,sat4,tet(S),,,,,,,,,
NZ_CP059785.1,"vanA*,vanH-A,vanR-A,vanS-A*,vanX-A,vanY-A*,vanZ-A",,erm(B),,,optrA*,,,,,cfr(D),,,,,,,,
NZ_CP059771.1,,,,,,,,,,,,,,,,,,,
NZ_CP059770.1,,,,,,,,,,,,,,,,,,,
NZ_CP059769.1,,,,,,,,,,,,,,,,,,,
NZ_CP059768.1,,,,,,,,,,,,,,,,,,,
NZ_CP059767.1,"vanA*,vanH-A*,vanR-A,vanS-A,vanX-A,vanY-A*,vanZ-A",,,,,,,,,,,,,,,,,,
NZ_CP059766.1,,ant(6)-Ia,,,aac(6')-Ie/aph(2'')-Ia*,,,aph(3')-IIIa,sat4,tet(S),,,,,,,,,
NZ_CP059765.1,,ant(6)-Ia,erm(B)*,,aac(6')-Ie/aph(2'')-Ia*,,,aph(3')-IIIa,,tet(L),,,,,,,,,
NZ_CP059815.1,,,,,,,,,,,,,,,,,,,
NZ_CP059814.1,,,,,,,,,,,,,,,,,,,
NZ_CP059813.1,,,,,,,,,,,,,,,,,,,
NZ_CP059812.1,,,,,,,,,,,,,,,,,,,
NZ_CP059811.1,,,,,,,,,,,,,,,,,,,
NZ_CP059808.1,,ant(6)-Ia,,,,,,aph(3')-IIIa,sat4,tet(S),,,,,,,,,
NZ_CP059807.1,"vanA*,vanH-A,vanR-A,vanS-A*,vanX-A,vanY-A*,vanZ-A",,erm(B),,,optrA*,,,,,cfr(D),,,,,,,,
NZ_CP059763.1,,,,,,,,,,,,,,,,,,,
NZ_CP059762.1,,,,,,,,,,,,,,,,,,,
NZ_CP059761.1,,,,,,,,,,,,,,,,,,,
NZ_CP059760.1,,,,,,,,,,,,,,,,,,,
NZ_CP059759.1,,ant(6)-Ia,,,,,,aph(3')-IIIa,sat4^,tet(S),,,,,,,,,
NZ_CP059758.1,,,,,,,,,,,,,,,,,,,
NZ_CP059757.1,"vanA,vanH-A,vanR-A,vanS-A,vanX-A,vanY-A*,vanZ-A",,erm(B)^,,,,,,,,,,,,,,,,
NZ_CP059756.1,,ant(6)-Ia,erm(B)*,,,,,aph(3')-IIIa,,tet(L),,,,,,,,,
NZ_CP059822.1,,,,,,,,,,,,,,,,,,,
NZ_CP059821.1,,,,,,,,,,,,,,,,,,,
NZ_CP059819.1,,,erm(B)*,,,,,aph(3')-IIIa,,,,,,,,,,,
NZ_CP059818.1,"vanA*,vanH-A,vanR-A,vanS-A,vanX-A,vanY-A*,vanZ-A",,,,,,,,,,,,,,,,,,
NZ_CP059817.1,,,,,aac(6')-Ie/aph(2'')-Ia*,,,,,,,,,,,,,,
NZ_CP059828.1,,,,,,,,,,,,,,,,,,,
NZ_CP059826.1,,,,,,,,,,tet(S),,,,,,,,,
NZ_CP059825.1,"vanA*,vanH-A,vanR-A,vanS-A,vanX-A,vanY-A*,vanZ-A",ant(6)-Ia,erm(B),,,,,aph(3')-IIIa,sat4,,,,,,,,,,
NZ_CP059824.1,,,"erm(B),erm(B)*",,aac(6')-Ie/aph(2'')-Ia*,,,,,,,,,,,,,,
NZ_OU015349.1,,,,,,,,,,,,,,,,,,,
NZ_OU015348.1,,ant(6)-Ia,erm(B)*,,,,,aph(3')-IIIa,,,,lnu(B),lsa(E),,,,,,
NZ_OU015347.1,,,,,,,,,,,,,,,,,,,
NZ_OU015346.1,,,,,aac(6')-Ie/aph(2'')-Ia*,,,,,,,,,,,,,,
NZ_OU015352.1,,,,,,,,,,,,,,,,,,,
NZ_OU015351.1,,,,,aac(6')-Ie/aph(2'')-Ia*,,,,,,,,,,,,,,
NZ_OR095740.1,,,,,aac(6')-Ie/aph(2'')-Ia*,,,,,,,,,,,,,,
NZ_OQ883948.1,,,,,aac(6')-Ie/aph(2'')-Ia*,,,,,,,,,,,,,,
NZ_OR095736.1,,ant(6)-Ia,erm(B)*,,aac(6')-Ie/aph(2'')-Ia*,,,aph(3')-IIIa,,,,,lsa(E),,,,,,
NZ_OQ883946.1,,,,,aac(6')-Ie/aph(2'')-Ia*,,,,,,,,,,,,,,
NZ_OR095734.1,"vanH-M,vanM,vanR-M,vanS-M,vanS-M*,vanX-M,vanS-M*,vanX-M^",,,,,,,,,,,,,,,,,,
NZ_OQ883947.1,,,,,,,,,,,,,,,,,,,
NZ_OR095735.1,,,,,,,,,,,,,,,,,,,
NZ_OR095737.1,"vanA*,vanH-A,vanR-A,vanS-A,vanX-A,vanY-A*,vanZ-A",ant(6)-Ia,erm(B),,,,,,sat4^,,,,,,,,,,
NZ_OR095738.1,,ant(6)-Ia,erm(B)*,,,,,aph(3')-IIIa,,,,,lsa(E),,,,,,
NZ_OR095733.1,,,,,,,,,,,,,,,,,,,
NZ_OR095739.1,,,,,,,,,,,,,,,,,,,
NZ_CP102535.1,,,,,,,,,,,,,,,,,,,
NZ_CP079929.1,,,poxtA,,,,,,,"tet(L)*,tet(M)",,,,,,,,,
NZ_CP079928.1,,,,,,optrA*,fexA*,,,,,,,,,,,,
NZ_CP040906.1,,,,,,,,,,,,,,,,,,,
NZ_CP040905.1,,ant(6)-Ia*,erm(B),,,,,aph(3')-IIIa,emtA*,"tet(L),tet(M)*",,lnu(B)*,lsa(E),spw*,dfrG,,,,
NZ_CP040877.1,,,,,,,,,,,,,,,,,,,
NZ_CP040876.1,,,,,,,,,,,,,,,,,,,
NZ_CP040874.1,,,,,,,,,,,,,,,,,,,
NZ_CP040873.1,,,,,,,,,,,,,,,,,,,
NZ_CP040851.1,,,,,,,,,emtA*,,,,,,,,,,
NZ_CP040850.1,,ant(6)-Ia,,,aac(6')-Ie/aph(2'')-Ia,,,,,,,lnu(B),lsa(E),spw,,,,,
NZ_AF511037.1,,,,,,,,,,,,,,,,,,,
NZ_CP084186.1,,,,,,,,,,,,,,,,,,,
NZ_CP084185.1,,,,,,,,,,,,,,,,,,,
NZ_CP084184.1,,,,,,,,,,,,,,,,,,,
NZ_CP084181.1,"vanA,vanH-A,vanR-A,vanS-A,vanX-A,vanY-A*,vanZ-A",,,,,,,,,,,,,,,,,,
NZ_CP084180.1,,,poxtA,,,,,,,"tet(L),tet(M)*",,,,,,,,,
NZ_CP084179.1,,ant(6)-Ia,,,aac(6')-Ie/aph(2'')-Ia*,,,,,,,,,,,,,,
NZ_CP065783.1,,,,,,,,,,,,,,,,,,,
NZ_CP065782.1,,,,,,,,,,,,,,,,,,,
NZ_CP065781.1,,,,,,,,,,,,,,,,,,,
NZ_CP065780.1,,,,,,,,,,,,,,,,,,,
NZ_CP065779.1,,,poxtA,,,,,,,"tet(L)*,tet(M)",,,,,,,,,
NZ_CP065778.1,,ant(6)-Ia,erm(B),,,,,,,tet(L)*,,lnu(B),lsa(E),spw,,,,,
NZ_CP065769.1,,,poxtA,,,,,,,,,,,,,,,,
NZ_CP065768.1,,,,,,,,,,,,,,,,,,,
NZ_CP065763.1,,,,,,,,,,,,,,,,,,,
NZ_CP065762.1,,,,,,,,,,,,,,,,,,,
NZ_CP065761.1,,,,,,,,,,,,,,,,,,,
NZ_CP065760.1,,,,,,,,,,,,,,,,,,,
NZ_CP065759.1,,,,,,,,,,,,,,,,,,,
NZ_CP065758.1,,,,,,,,,,,,,,,,,,,
NZ_CP065757.1,,,poxtA,catA,,,,,,"tet(L),tet(M)",,,,,,,,,
NZ_CP065756.1,"vanA*,vanH-A,vanR-A,vanS-A,vanX-A,vanY-A,vanZ-A",,erm(B),,,,,,,,,,,,,,,,
NZ_CP065755.1,,,,,,,,,,,,,,,,,,,
NZ_CP065772.1,,,poxtA,,,,,,,"tet(L)*,tet(M)",,,,,,,,,
NZ_CP065771.1,,"ant(6)-Ia,ant(6)-Ia^",erm(B),,,optrA*,,aph(3')-IIIa,sat4,,,lnu(B),lsa(E),spw,dfrG,,,,
NZ_CP065753.1,,,poxtA,,,,,,,,,,,,,,,,
NZ_CP065776.1,,,poxtA,,,,,,,,,,,,,,,,
NZ_CP065775.1,,,,catA,,,,,,"tet(L)*,tet(M)",,,,,,,,,
NZ_CP065774.1,,"ant(6)-Ia,ant(6)-Ia^",erm(B),,aac(6')-Ie/aph(2'')-Ia,optrA,,aph(3')-IIIa,sat4,,,lnu(B),lsa(E),spw,dfrG,,,,
NZ_CP132228.1,,,,,,,,,,,,,,,,,,,
NZ_CP132227.1,"vanA,vanH-A,vanR-A,vanS-A,vanX-A,vanY-A*,vanZ-A",,,,,,,,,"tet(L),tet(M)*",,,,,,,,,
CP131611.1,"vanA,vanH-A,vanR-A,vanS-A*,vanX-A,vanY-A,vanZ-A",,,,,,,,,,,,,,,,,,
CP131533.1,"vanA,vanH-A,vanR-A,vanS-A,vanX-A,vanY-A^",,erm(B)*,,,,,aph(3')-IIIa,,,,,,,,,,,
CP131531.1,"vanA,vanH-A,vanR-A,vanS-A,vanX-A,vanY-A*",,erm(B)*,,,,,,,,,,,,,,,,
CP131513.1,"vanA,vanH-A,vanR-A,vanS-A,vanX-A,vanY-A,vanZ-A,vanA*,vanH-A^",,erm(A),,,,,,,,,,,ant(9)-Ia,,,,,
CP131505.1,"vanA,vanH-A,vanR-A,vanS-A,vanX-A,vanY-A^",,erm(B)*,,,,,aph(3')-IIIa,,,,,,,,,,,
CP131497.1,"vanA,vanH-A,vanR-A,vanS-A,vanX-A,vanY-A*",,erm(B)*,,,,,,,,,,,,,,,,
CP131507.1,"vanA,vanH-A,vanR-A,vanX-A,vanS-A*,vanY-A^",,erm(B)*,,,,,aph(3')-IIIa,,,,,,,,,,,
CP131509.1,"vanA,vanH-A,vanR-A,vanS-A,vanX-A,vanY-A^",,erm(B)*,,,,,,,,,,,,,,,,
CP131499.1,"vanA,vanH-A,vanR-A,vanS-A,vanX-A,vanY-A^",,erm(B)*,,,,,aph(3')-IIIa,,,,,,,,,,,
CP131511.1,"vanA,vanH-A,vanR-A,vanS-A,vanX-A,vanY-A,vanZ-A,vanS-A*,vanX-A*,vanY-A^",,erm(A),,,,,,,,,,,ant(9)-Ia,,,,,
CP131495.1,"vanA,vanH-A,vanR-A,vanS-A,vanX-A",,,,,,,,,,,,,,,,,,
CP131529.1,"vanA,vanX-A,vanY-A,vanZ-A,vanH-A^",,erm(B)*,,,,,aph(3')-IIIa,,,,,,,,,,,
CP131493.1,"vanA,vanH-A,vanR-A,vanS-A,vanX-A,vanY-A^",,erm(B)*,,,,,aph(3')-IIIa,,,,,,,,,,,
CP131525.1,"vanA,vanH-A,vanR-A,vanS-A,vanX-A,vanY-A^",,erm(B)*,,,,,aph(3')-IIIa,,,,,,,,,,,
CP131527.1,"vanA,vanH-A,vanR-A,vanS-A,vanX-A,vanY-A,vanY-A*,vanZ-A^",,erm(B)*,,,,,,,,,,,,,,,,
CP131519.1,"vanA,vanH-A,vanR-A,vanS-A,vanX-A,vanY-A,vanZ-A",,,,,,,,,,,,,,,,,,
CP131523.1,"vanA,vanH-A,vanR-A,vanS-A,vanX-A",,erm(B)*,,,,,,,,,,,,,,,,
CP131521.1,"vanA,vanH-A,vanR-A,vanX-A,vanS-A*,vanY-A^",,erm(B)*,,,,,aph(3')-IIIa,,,,,,,,,,,
CP131517.1,"vanA,vanH-A,vanR-A,vanS-A,vanX-A,vanY-A^",,erm(B)*,,,,,aph(3')-IIIa,,,,,,,,,,,
CP131515.1,"vanA,vanH-A,vanR-A,vanS-A,vanX-A,vanY-A,vanZ-A",,erm(A),,,,,,,,,,,ant(9)-Ia,,,,,
CP131501.1,"vanA,vanH-A,vanR-A,vanS-A,vanX-A,vanY-A^",,erm(B)*,,,,,aph(3')-IIIa,,,,,,,,,,,
CP131503.1,"vanA,vanH-A,vanR-A,vanS-A,vanX-A,vanY-A^",,erm(B)*,,aac(6')-Ie/aph(2'')-Ia*,,,aph(3')-IIIa,,,,,,,,,,,
CP131491.1,"vanA,vanH-A,vanR-A,vanS-A,vanX-A,vanY-A^",,erm(B)*,,,,,aph(3')-IIIa,,,,,,,,,,,
CP131124.1,"vanA,vanH-A,vanR-A,vanS-A,vanX-A,vanY-A,vanZ-A",,erm(B)*,,,,,aph(3')-IIIa,,,,,,,,,,,
CP131126.1,"vanA,vanH-A,vanR-A,vanS-A,vanX-A,vanY-A,vanZ-A",,"erm(A),erm(B)*",,,,,,,,,,,ant(9)-Ia,,,,,
CP131116.1,"vanA,vanH-A,vanR-A,vanS-A,vanX-A*,vanY-A^",,erm(B)*,,,,,,,,,,,,,,,,
CP131118.1,"vanA,vanH-A,vanR-A,vanS-A,vanX-A",,"erm(A),erm(B)*",,,,,aph(3')-IIIa,,,,,,ant(9)-Ia,,,,,
CP131112.1,"vanA,vanH-A,vanR-A,vanS-A,vanX-A,vanY-A^",,erm(B)*,,,,,aph(3')-IIIa,,,,,,,,,,,
CP131108.1,"vanA,vanH-A,vanR-A,vanS-A,vanX-A,vanY-A*",,erm(B)*,,,,,,,,,,,,,,,,
CP131122.1,"vanA,vanH-A,vanR-A,vanS-A,vanY-A,vanZ-A,vanA*,vanX-A^",,erm(A),,,,,,,,,,,ant(9)-Ia,,,,,
CP131120.1,"vanA,vanH-A,vanR-A,vanS-A,vanX-A,vanY-A*",,erm(B)*,,,,,,,,,,,,,,,,
CP131106.1,"vanA,vanH-A,vanR-A,vanS-A,vanX-A,vanY-A*",,erm(B)*,,,,,,,,,,,,,,,,
CP131114.1,"vanA,vanH-A,vanR-A,vanS-A,vanX-A,vanY-A^",,erm(B)*,,,,,,,,,,,,,,,,
CP131110.1,"vanA,vanH-A,vanR-A,vanS-A,vanX-A,vanY-A*",,erm(B)*,,,,,,,,,,,,,,,,
CP131102.1,"vanA,vanH-A,vanR-A,vanS-A,vanX-A,vanY-A*",,erm(B)^,,,,,,,,,,,,,,,,
CP131100.1,"vanA,vanH-A,vanR-A,vanS-A,vanX-A",,erm(B)*,,,,,,,,,,,,,,,,
CP131098.1,"vanA,vanH-A,vanR-A,vanS-A,vanX-A,vanY-A*",,erm(B)*,,,,,,,,,,,,,,,,
CP131104.1,,,erm(B)^,,,,,,,,,,,,,,,,
CP131094.1,"vanA,vanH-A,vanR-A,vanS-A,vanX-A",,erm(B)*,,,,,aph(3')-IIIa,,,,,,,,,,,
CP131096.1,"vanA,vanH-A,vanR-A,vanS-A,vanX-A,vanY-A^",,erm(B)*,,,,,aph(3')-IIIa,,,,,,,,,,,
CP131070.1,"vanA,vanH-A,vanR-A,vanS-A,vanX-A,vanY-A*",,erm(B)*,,,,,,,,,,,,,,,,
CP131078.1,"vanA,vanH-A,vanR-A,vanS-A,vanX-A,vanY-A*,vanZ-A",,erm(B)^,,,,,,,,,,,,,,,,
CP131072.1,"vanA,vanH-A,vanR-A,vanS-A,vanX-A,vanY-A*",,erm(B)*,,,,,,,,,,,,,,,,
CP131088.1,"vanA,vanH-A,vanR-A,vanS-A,vanX-A,vanY-A*",,erm(B)^,,,,,,,,,,,,,,,,
CP131076.1,"vanA,vanH-A,vanR-A,vanS-A,vanX-A,vanY-A*",,,,,,,,,,,,,,,,,,
CP131080.1,"vanA,vanH-A,vanR-A,vanS-A,vanX-A,vanY-A,vanZ-A,vanS-A^",,erm(B)*,,,,,aph(3')-IIIa,,,,,,,,,,,
CP131082.1,"vanA,vanH-A,vanR-A,vanS-A,vanX-A,vanY-A*",,erm(B)*,,,,,,,,,,,,,,,,
CP131090.1,"vanA,vanH-A,vanR-A,vanS-A,vanX-A,vanY-A,vanZ-A",,erm(B)*,,,,,aph(3')-IIIa,,,,,,,,,,,
CP131092.1,"vanA,vanH-A,vanR-A,vanS-A,vanX-A,vanY-A*,vanA^",,erm(B)*,,,,,,,,,,,,,,,,
CP131084.1,"vanA,vanH-A,vanR-A,vanS-A,vanX-A,vanY-A^",,erm(B)*,,,,,aph(3')-IIIa,,,,,,,,,,,
CP131086.1,"vanA,vanH-A,vanR-A,vanS-A,vanX-A,vanY-A^",,erm(B)*,,,,,aph(3')-IIIa,,,,,,,,,,,
CP131074.1,"vanA,vanH-A,vanR-A,vanS-A,vanX-A,vanY-A*",,erm(B)*,,,,,,,,,,,,,,,,
CP131068.1,"vanA,vanH-A,vanR-A,vanS-A,vanX-A,vanY-A*",,erm(B)*,,,,,,,,,,,,,,,,
CP131066.1,"vanA,vanH-A,vanR-A*,vanS-A,vanX-A*,vanY-A*",,erm(B)*,,,,,,,,,,,,,,,,
CP131064.1,"vanA,vanH-A,vanR-A,vanS-A,vanX-A,vanY-A*",,erm(B)*,,,,,,,,,,,,,,,,
CP131055.1,"vanA,vanH-A,vanR-A,vanS-A,vanX-A,vanY-A*",,erm(B)*,,,,,,,,,,,,,,,,
CP131053.1,"vanA,vanH-A,vanR-A,vanS-A,vanX-A,vanY-A,vanZ-A",,,,,,,,,,,,,,,,,,
CP131047.1,"vanA,vanH-A,vanR-A,vanS-A,vanX-A,vanY-A^",,erm(B)*,,,,,,,,,,,,,,,,
CP131049.1,"vanA,vanH-A,vanR-A,vanS-A,vanX-A,vanY-A^",,erm(B)*,,,,,aph(3')-IIIa,,,,,,,,,,,
CP131051.1,"vanA,vanH-A,vanR-A,vanS-A,vanX-A,vanY-A^",,,,,,,,,,,,,,,,,,
CP131045.1,"vanA,vanH-A,vanR-A,vanS-A,vanX-A,vanY-A^",,erm(B)*,,,,,aph(3')-IIIa,,,,,,,,,,,
CP131043.1,"vanA,vanH-A,vanR-A,vanS-A,vanX-A,vanY-A*",,erm(B)*,,,,,,,,,,,,,,,,
CP131041.1,"vanA,vanH-A,vanR-A,vanS-A,vanX-A,vanY-A^",,erm(B)*,,,,,aph(3')-IIIa,,,,,,,,,,,
CP131017.1,"vanA,vanH-A,vanR-A,vanS-A,vanX-A,vanY-A,vanZ-A",,,,,,,,,,,,,,,,,,
CP131015.1,"vanA,vanH-A,vanR-A,vanS-A,vanX-A,vanY-A*",,erm(B)*,,,,,,,,,,,,,,,,
CP131021.1,"vanA,vanH-A,vanR-A,vanS-A,vanX-A,vanY-A*",,erm(B)*,,,,,,,,,,,,,,,,
CP131019.1,"vanA,vanH-A,vanR-A,vanS-A,vanX-A,vanY-A*",,erm(B)*,,,,,,,,,,,,,,,,
CP131011.1,"vanA,vanH-A,vanR-A,vanS-A,vanX-A,vanY-A,vanZ-A",,erm(B)*,,,,,aph(3')-IIIa^,,,,,,,,,,,
CP131013.1,"vanA,vanA*,vanH-A,vanX-A,vanY-A,vanZ-A",,erm(B)*,,,,,aph(3')-IIIa,,,,,,,,,,,
CP131028.1,"vanA,vanH-A,vanR-A,vanS-A,vanX-A,vanY-A*",,,,,,,,,,,,,,,,,,
CP131032.1,"vanA,vanH-A,vanS-A,vanX-A,vanY-A*",,erm(B)*,,,,,,,,,,,,,,,,
CP131034.1,"vanY-A,vanZ-A",,,,,,,,,,,,,,,,,,
CP131036.1,"vanA,vanH-A,vanR-A,vanS-A,vanX-A,vanY-A^",,erm(B)*,,,,,,,,,,,,,,,,
CP131009.1,"vanA,vanA*,vanH-A,vanR-A,vanS-A,vanX-A,vanY-A,vanZ-A,vanA*,vanH-A*,vanS-A*,vanX-A^",,erm(B)*,,,,,aph(3')-IIIa,,,,,,,,,,,
CP131026.1,"vanA,vanH-A,vanR-A,vanS-A,vanX-A",,erm(B)*,,,,,,,,,,,,,,,,
CP131038.1,"vanA,vanH-A,vanR-A,vanS-A,vanX-A",,erm(B)*,,,,,aph(3')-IIIa,,,,,,,,,,,
CP131030.1,"vanA,vanH-A,vanR-A,vanS-A,vanX-A,vanY-A^",,erm(B)*,,,,,,,,,,,,,,,,
CP131005.1,"vanA,vanH-A,vanR-A,vanS-A,vanX-A,vanY-A,vanZ-A,vanA*,vanR-A*,vanS-A^",,erm(B)*,,,,,aph(3')-IIIa,,,,,,,,,,,
CP131007.1,"vanA,vanH-A,vanR-A,vanS-A,vanX-A,vanY-A,vanZ-A",ant(6)-Ia,erm(B)*,,,,,aph(3')-IIIa,,,,,,,,,,,
CP130999.1,"vanA,vanH-A,vanR-A,vanS-A,vanX-A,vanY-A^",,erm(B)*,,,,,aph(3')-IIIa,,,,,,,,,,,
CP131001.1,"vanA,vanH-A,vanR-A,vanS-A,vanX-A,vanY-A^",,erm(B)*,,,,,aph(3')-IIIa,,,,,,,,,,,
CP131003.1,"vanA,vanH-A,vanS-A,vanX-A,vanR-A*,vanY-A^",,erm(B)*,,,,,,,,,,,,,,,,
CP130997.1,"vanA,vanH-A,vanR-A,vanS-A,vanX-A,vanY-A*",,erm(B)*,,,,,,,,,,,,,,,,
CP130995.1,"vanA,vanR-A,vanH-A*,vanS-A*,vanX-A*,vanY-A^",,erm(B)^,,,,,,,,,,,,,,,,
CP130993.1,"vanA,vanH-A,vanR-A,vanS-A,vanX-A,vanY-A,vanZ-A,vanA*,vanH-A^",,erm(B)*,,,,,aph(3')-IIIa,,,,,,,,,,,
CP130915.1,"vanA,vanH-A,vanS-A*,vanX-A,vanY-A*",,erm(B)*,,,,,,,,,,,,,,,,
CP130913.1,"vanA,vanH-A,vanS-A,vanX-A,vanY-A*,vanR-A^",,erm(B)*,,,,,,,,,,,,,,,,
CP130911.1,"vanA,vanH-A,vanR-A,vanS-A,vanX-A,vanY-A^",,erm(B)*,,,,,aph(3')-IIIa,,,,,,,,,,,
CP130909.1,"vanA,vanH-A,vanR-A,vanS-A,vanX-A,vanY-A^",,erm(B)*,,,,,aph(3')-IIIa,,,,,,,,,,,
CP130907.1,"vanA,vanH-A,vanR-A,vanS-A,vanX-A,vanY-A^",,erm(B)*,,,,,aph(3')-IIIa,,,,,,,,,,,
CP130876.1,"vanA,vanH-A,vanR-A,vanR-A*,vanS-A,vanS-A*,vanX-A,vanA*,vanX-A*,vanY-A^",,erm(B)*,,,,,aph(3')-IIIa,,,,,,,,,,,
CP130880.1,"vanA,vanH-A,vanR-A,vanS-A,vanX-A,vanY-A^",,erm(B)*,,,,,aph(3')-IIIa,,,,,,,,,,,
CP130878.1,"vanA,vanH-A,vanR-A,vanS-A,vanX-A,vanY-A^",,erm(B)*,,,,,aph(3')-IIIa,,,,,,,,,,,
CP130850.1,"vanA,vanH-A,vanR-A,vanS-A,vanX-A,vanY-A^",,erm(B)*,,,,,aph(3')-IIIa,,,,,,,,,,,
CP130834.1,"vanA,vanH-A,vanR-A,vanS-A,vanX-A",,erm(B)*,,,,,,,,,,,,,,,,
CP130836.1,"vanA,vanH-A,vanR-A,vanS-A,vanX-A,vanY-A*",,erm(B)*,,,,,,,,,,,,,,,,
CP130838.1,"vanA,vanH-A,vanR-A,vanS-A,vanX-A,vanY-A^",,erm(B)*,,,,,aph(3')-IIIa,,,,,,,,,,,
CP130842.1,"vanA,vanH-A,vanR-A,vanX-A,vanS-A*,vanY-A^",,erm(B)*,,,,,aph(3')-IIIa,,,,,,,,,,,
CP130840.1,"vanA,vanH-A,vanR-A,vanS-A,vanX-A,vanY-A^",,erm(B)*,,,,,aph(3')-IIIa,,,,,,,,,,,
CP130844.1,"vanA,vanH-A,vanX-A,vanY-A*,vanR-A*,vanS-A^",,erm(B)*,,,,,,,,,,,,,,,,
CP130864.1,"vanA,vanH-A,vanR-A,vanS-A,vanX-A,vanY-A^",,erm(B)*,,,,,aph(3')-IIIa,,,,,,,,,,,
CP130860.1,"vanA,vanH-A,vanR-A,vanS-A,vanX-A",,erm(B)*,,,,,,,,,,,,,,,,
CP130846.1,"vanA,vanH-A,vanR-A,vanS-A,vanX-A,vanY-A^",,erm(B)*,,,,,aph(3')-IIIa,,,,,,,,,,,
CP130862.1,"vanA,vanH-A,vanR-A,vanS-A,vanX-A",,erm(B)*,,,,,,,,,,,,,,,,
CP130866.1,"vanA,vanH-A,vanR-A,vanS-A,vanX-A,vanY-A*",,erm(B)*,,,,,,,,,,,,,,,,
CP130852.1,"vanA,vanH-A,vanR-A,vanS-A,vanX-A,vanY-A^",,erm(B)*,,,,,aph(3')-IIIa,,,,,,,,,,,
CP130848.1,"vanA,vanH-A,vanR-A,vanS-A,vanX-A,vanY-A*",,erm(B)*,,,,,,,,,,,,,,,,
CP130868.1,"vanA,vanH-A,vanR-A,vanS-A,vanX-A,vanY-A*,vanA^",,erm(B)^,,,,,,,,,,,,,,,,
CP130874.1,"vanA,vanH-A,vanR-A,vanX-A,vanS-A*,vanY-A^",,erm(B)*,,,,,,,,,,,,,,,,
CP130870.1,"vanA,vanH-A,vanR-A,vanS-A,vanX-A,vanY-A,vanZ-A",,,,,,,,,,,,,,,,,,
CP130872.1,"vanA*,vanH-A,vanR-A,vanS-A,vanX-A,vanY-A*",,erm(B)*,,,,,,,,,,,,,,,,
CP130826.1,"vanA,vanR-A,vanS-A,vanX-A,vanH-A^",,erm(B)*,,,,,,,,,,,,,,,,
CP130828.1,"vanA,vanH-A,vanR-A,vanX-A,vanS-A^",,erm(B)*,,,,,aph(3')-IIIa,,,,,,,,,,,
CP130830.1,"vanZ-A,vanA*,vanX-A*,vanY-A^",,,,,,,,,,,,,,,,,,
NZ_CP040744.1,,,,,,,,,,,,,,,,,,,
NZ_CP040743.1,,,,,,,,,,,,,,,,,,,
NZ_CP040742.1,"vanA,vanH-A,vanR-A,vanS-A,vanX-A,vanY-A,vanZ-A",ant(6)-Ia,,,,,,aph(3')-IIIa,,,,,,,,,,,
NZ_CP040741.1,,,,,,,,,,,,,,,,,,,
NZ_CP040708.1,"vanA*,vanH-A,vanR-A,vanS-A,vanX-A,vanY-A*,vanZ-A,vanS-A^",ant(6)-Ia,erm(B),,,,,aph(3')-IIIa,sat4,,,,,,,,,,
NZ_CP040707.1,,,,,,,,,,,,,,,,,,,
NZ_CP040705.1,,,,,,,,,,,,,,,,,,,
NZ_CP040704.1,,,,,,,,,,,,,,,,,,,
NZ_CP040703.1,,,,,,,,,,,,,,,,,,,
NZ_CP040373.1,,,,,,,,,,,,,,,,,,,
NZ_CP040372.1,,,,,,,,,,,,,,,,,,,
NZ_CP040371.1,,,,,,,,,,,,,,,,,,,
NZ_CP040370.1,,,,,,,,,,,,,,,,,,,
NZ_CP040369.1,,,,,aac(6')-Ie/aph(2'')-Ia*,,,,,,,,,,,,,,
NZ_CP040238.1,"vanA,vanH-A,vanR-A,vanS-A,vanX-A,vanY-A*,vanZ-A",ant(6)-Ia,erm(B),,,optrA*,,aph(3')-IIIa,sat4,tet(S),,,,,,,,,
NZ_CP040237.1,,,erm(B),,aac(6')-Ie/aph(2'')-Ia*,,,,,,,,,,,,,,
NZ_CP034950.1,,,,,,,,,,,,,,,,,,,
NZ_CP034948.1,,,,,,,,,,,,,,,,,,,
NZ_CP034947.1,,,,,,,,,,,,,,,,,,,
NZ_CP034946.1,,,,,,,,,,,,,,,,,,,
NZ_CP034945.1,,,,,,,,,,,,,,,,,,,
NZ_MG957432.1,,ant(6)-Ia,erm(B),,,,,aph(3')-IIIa,sat4,"tet(L),tet(M)",,lnu(B),lsa(E),spw,,,,,
NZ_MG640601.1,"vanH-M,vanM,vanS-M,vanX-M^",,,,,,,,,,,,,,,,,,
NZ_KR936172.1,,ant(6)-Ia,erm(B)*,,,,,aph(3')-IIIa,,,,lnu(B),lsa(E),spw,,,,,
NZ_KR066794.1,"vanB,vanH-B,vanR-B*,vanS-B*,vanW-B,vanX-B*,vanY-B",ant(6)-Ia,erm(B)*,,,,,aph(3')-IIIa,,,,lnu(B),lsa(E)*,,,,,,
NZ_KR047792.1,"vanH-A,vanR-A,vanS-A*,vanX-A,vanY-A*,vanZ-A,vanA^",,,,,,,,,,,,,,,,,,
NZ_CP019991.1,,,,,,,,,,,,,,,,,,,
NZ_CP019990.1,,,,,,,,aph(3')-IIIa,,,,,,,,,,,
NZ_CP019989.1,"vanA,vanH-A,vanR-A,vanR-A*,vanS-A,vanX-A,vanY-A,vanZ-A",,,,aac(6')-Ie/aph(2'')-Ia*,,,,,,,,,,,,,,
NZ_CP019995.1,"vanA,vanH-A,vanR-A,vanS-A,vanX-A,vanY-A,vanZ-A,vanR-A^",,erm(B)*,,,,,aph(3')-IIIa,,,,,,,,,,,
NZ_CP019994.1,,,erm(A),,,,,,,,,,,ant(9)-Ia,,,,,
NZ_CP019993.1,,,,,aac(6')-Ie/aph(2'')-Ia*,,,,,,,,,,,,,,
NZ_CP128994.1,,,,,,,,,,,,,,,,,,,
AP028419.1,,,,,,,,,,,,,,,,,,,
AP028418.1,,,,,,,,,,,,,,,,,,,
AP028417.1,,,,,,,,,,,,,,,,,,,
AP028416.1,,ant(6)-Ia,erm(B)*,,,,,,,,,,,,,,,,
NZ_CP128189.1,"vanA,vanH-A,vanR-A,vanS-A,vanX-A",,erm(B)*,,,,,,,,,,,,,,,,
NZ_AP027296.1,,,"erm(B),poxtA",,,,,,,"tet(L)*,tet(M)^",,,,,,,,,
NZ_AP027295.1,,"ant(6)-Ia,ant(6)-Ia^",erm(B),,aac(6')-Ie/aph(2'')-Ia,optrA*,,aph(3')-IIIa,sat4,,,lnu(B),lsa(E),spw,dfrG,,,,
NZ_CP076487.1,,,,,,,,,,,,,,,,,,,
NZ_CP076486.1,"vanA*,vanH-A,vanR-A,vanS-A,vanX-A,vanY-A,vanZ-A",ant(6)-Ia*,erm(B),,,,,aph(3')-IIIa,sat4,,,,,,,,,,
NZ_CP076485.1,,,,,,,,,,,,,,,,,,,
NZ_CP076484.1,,,,,aac(6')-Ie/aph(2'')-Ia*,,,,,,,,,,,,,,
NZ_CP076482.1,,,,,,,,,,,,,,,,,,,
NZ_CP076480.1,,,,,,,,,,,,,,,,,,,
NZ_CP076479.1,,,,,,,,,,,,,,,,,,,
NZ_CP076478.1,,,,,aac(6')-Ie/aph(2'')-Ia*,,,,,,,,,,,,,,
NZ_CP076476.1,,,,,,,,,,,,,,,,,,,
NZ_CP076475.1,"vanA*,vanH-A,vanR-A,vanS-A,vanX-A,vanY-A,vanZ-A",,,,,,,,,,,,,,,,,,
NZ_CP076474.1,,,,,,,,,,,,,,,,,,,
NZ_CP076473.1,,,,,,,,,,,,,,,,,,,
NZ_CP076472.1,,,,,aac(6')-Ie/aph(2'')-Ia*,,,,,,,,,,,,,,
NZ_CP035655.1,,,,,,,,,,,,,,,,,,,
NZ_CP035653.1,,,,,,,,,,,,,,,,,,,
NZ_CP035652.1,,,,,,,,,,,,,,,,,,,
NZ_CP035651.1,,,,,,,,,,,,,,,,,,,
NZ_CP035650.1,"vanA*,vanH-A,vanR-A,vanS-A,vanX-A,vanY-A,vanZ-A",,,,,,,,,,,,,,,,,,
NZ_CP035661.1,"vanA*,vanH-A,vanR-A,vanS-A,vanX-A,vanY-A,vanZ-A",,,,,,,,,,,,,,,,,,
NZ_CP035659.1,,,,,,,,,,,,,,,,,,,
NZ_CP035658.1,,,,,,,,,,,,,,,,,,,
NZ_CP035657.1,,,,,,,,,,,,,,,,,,,
NZ_CP035656.1,,,,,,,,,,,,,,,,,,,
NZ_CP035649.1,,,,,,,,,,,,,,,,,,,
NZ_CP035647.1,,,,,,,,,,,,,,,,,,,
NZ_CP035646.1,,,,,,,,,,,,,,,,,,,
NZ_CP035645.1,,,,,,,,,,,,,,,,,,,
NZ_CP035644.1,"vanA*,vanH-A,vanR-A,vanS-A,vanX-A,vanY-A,vanZ-A",,,,,,,,,,,,,,,,,,
NZ_LR135453.1,,,,,,,,,,,,,,,,,,,
NZ_LR135452.1,,,,,,,,,,,,,,,,,,,
NZ_LR135451.1,,,,,,,,,,,,,,,,,,,
NZ_LR135450.1,,,,,,,,,,,,,,,,,,,
NZ_LR135449.1,,,erm(B)*,,,,,aph(3')-IIIa,,,,,,,,,,,
NZ_LR135448.1,,,,,,,,,,,,,,,,,,,
NZ_LR135447.1,,,,,,,,,,,,,,,,,,,
NZ_LR135446.1,"vanA*,vanH-A,vanR-A,vanS-A,vanX-A,vanY-A*,vanZ-A",ant(6)-Ia^,erm(B)*,,,,,aph(3')-IIIa^,,,,,,,,,,,
NZ_LR135445.1,,,,,,,,,,,,,,,,,,,
NZ_LR135444.1,,,,,aac(6')-Ie/aph(2'')-Ia*,,,,,,,,,,,,,,
NZ_LR135427.1,,,,,,,,,,,,,,,,,,,
NZ_LR135426.1,,,,,,,,,,,,,,,,,,,
NZ_LR135425.1,,,,,,,,,,,,,,,,,,,
NZ_LR135424.1,,,,,,,,,,,,,,,,,,,
NZ_LR135422.1,,ant(6)-Ia,erm(B),,,,,aph(3')-IIIa,sat4,,,,,,,,,,
NZ_LR135421.1,,,,,,,,,,,,,,,,,,,
NZ_LR135420.1,,,,,,,,,,,,,,,dfrG,,,,
NZ_OU015716.1,,,,,,,,,,,,,,,,,,,
NZ_OU015715.1,,,,,,,,,,,,,,,,,,,
NZ_OU015714.1,,,,,,,,,,,,,,,,,,,
NZ_OU015712.1,,,,,,,,,,,,,,,,,,,
NZ_OU015711.1,"vanA,vanH-A,vanR-A,vanS-A,vanX-A,vanY-A,vanZ-A",ant(6)-Ia,erm(B),catA,,,,,,,,,,,,,,,
NZ_OU015710.1,,,,,,,,,,,,,,,,,,,
NZ_OU015709.1,,,,,,,,,,,,,,,,,,,
NZ_OU015954.1,,,,,,,,,,,,,,,,,,,
NZ_OU015953.1,,,,,,,,,,,,,,,,,,,
NZ_OU015952.1,,,,,,,,,,,,,,,,,,,
NZ_OU015950.1,,,,,,,,,,,,,,,,,,,
NZ_OU015949.1,,,,,,,,,,,,,,,,,,,
NZ_OU015948.1,"vanA,vanH-A,vanR-A,vanS-A,vanX-A,vanY-A,vanZ-A",ant(6)-Ia,erm(B),catA,,,,,,,,,,,,,,,
NZ_OU015947.1,,,,,aac(6')-Ie/aph(2'')-Ia*,,,,,,,,,,,,,,
NZ_OU016045.1,,,,,,,,,,,,,,,,,,,
NZ_OU016044.1,,,,,,,,,,,,,,,,,,,
NZ_OU016043.1,,,,,,,,,,,,,,,,,,,
NZ_OU016042.1,,,,,,,,,,,,,,,,,,,
NZ_OU016041.1,,,,,,,,,,,,,,,,,,,
NZ_OU016040.1,,,,,,,,,,,,,,,,,,,
NZ_OU016039.1,"vanA,vanH-A,vanR-A,vanS-A,vanX-A,vanY-A,vanZ-A",ant(6)-Ia,erm(B),catA,,,,,,,,,,,,,,,
NZ_OU016038.1,,,,,,,,,,,,,,,,,,,
NZ_OU016037.1,,,,,aac(6')-Ie/aph(2'')-Ia*,,,,,,,,,,,,,,
NZ_OU016035.1,,,,,,,,,,,,,,,,,,,
NZ_OU016034.1,,,,,,,,,,,,,,,,,,,
NZ_OU016033.1,,,,,,,,,,,,,,,,,,,
NZ_OU016031.1,,,,,,,,,,,,,,,,,,,
NZ_OU016030.1,,,,,,,,,,,,,,,,,,,
NZ_OU016029.1,"vanA,vanH-A,vanR-A,vanS-A,vanX-A,vanY-A,vanZ-A",ant(6)-Ia,erm(B),catA,,,,,,,,,,,,,,,
NZ_OU016028.1,,,,,aac(6')-Ie/aph(2'')-Ia*,,,,,,,,,,,,,,
NZ_CP109760.1,,,poxtA,,,,,,,,,,,,,,,,
NZ_CP109759.1,,ant(6)-Ia,erm(B),,,,,,,"tet(L),tet(M)",,lnu(B)*,lsa(E),spw,,,,,
NZ_CP072887.1,,,poxtA,,,,,,,,,,,,,,,,
NZ_CP072886.1,,ant(6)-Ia,erm(B),,,,,aph(3')-IIIa,,"tet(L),tet(M)",,lnu(B),lsa(E)^,spw,,,,,
NZ_CP072885.1,,,,,,,,,,,,,,,,,,,
NZ_CP072896.1,,,erm(B),,,optrA*,fexA*,,,,,,,ant(9)-Ia,,,,,
NZ_CP072895.1,,,,,,,,,,,,,,,,,,,
NZ_CP072880.1,,,poxtA,,,,,,,"tet(L)*,tet(M)",,,,,,,,,
NZ_CP072879.1,,"ant(6)-Ia,ant(6)-Ia^",erm(B),,aac(6')-Ie/aph(2'')-Ia*,optrA*,,aph(3')-IIIa,sat4,,,lnu(B),lsa(E),spw,dfrG,,,,
NZ_CP072883.1,,,,,,,,,,,,,,,,,,,
NZ_CP072882.1,,,erm(B)*,,,,,,,,,,,,,,,,
NZ_CP091212.1,,,poxtA,,,,,,,"tet(L)*,tet(M)",,,,,,,,,
NZ_CP091211.1,,,,,,,,,,,,,,,,,,,
NZ_CP091214.1,,ant(6)-Ia,erm(B),,,,,aph(3')-IIIa,sat4,,,lnu(B),lsa(E),spw,,,,,
NZ_CP091220.1,,,,,,,,,,,,,,,,,,,
NZ_CP091219.1,,,poxtA,,,,,,,,,,,,,,,,
NZ_CP091218.1,,ant(6)-Ia,,,,,,,,"tet(L),tet(M)*",,lnu(B),lsa(E),,,,,,
NZ_CP088197.1,,,,,,,,,,"tet(M),tet(L)^",,,,,,,,,
NZ_CP088196.1,,,poxtA,,,,,,,,,,,,,,,,
NZ_CP088194.1,,,,,,,,,,,,,,,,,,,
NZ_CP088193.1,,,poxtA,,,,,,,"tet(L)*,tet(M)",,,,,,,,,
NZ_CP088192.1,,"ant(6)-Ia,ant(6)-Ia^",erm(B)*,,aac(6')-Ie/aph(2'')-Ia,,,aph(3')-IIIa,sat4,,,lnu(B),lsa(E),spw*,,,,,
NZ_CP091223.1,,,poxtA,,,,,,,"tet(L)*,tet(M)",,,,,,,,,
NZ_CP091222.1,,"ant(6)-Ia,ant(6)-Ia^",erm(B)*,,aac(6')-Ie/aph(2'')-Ia,,,aph(3')-IIIa,sat4,,,lnu(B),,spw,,,,,
NZ_CP097065.1,,,,,,,,,,,,,,,,,,,
NZ_CP097064.1,,,erm(B),,,,,,,,cfr(D),,,,,,,,
NZ_CP097063.1,,,poxtA,,,,,,,,,,,,,,,,
NZ_CP097062.1,,,,,,optrA*,fexA*,,,,,,,,,,,,
NZ_CP097029.1,,,"erm(B),poxtA",,,,,,,"tet(L)*,tet(M)",,,,,,,,,
NZ_CP097028.1,,"ant(6)-Ia,ant(6)-Ia^",erm(B),,aac(6')-Ie/aph(2'')-Ia,,,aph(3')-IIIa,sat4,,,lnu(B),lsa(E),spw,dfrG,,,,
NZ_CP097016.1,,,poxtA,,,,,,,"tet(L)*,tet(M)",,,,,,,,,
NZ_CP097015.1,,ant(6)-Ia,,,,optrA*,,,,,,lnu(B),lsa(E),spw,dfrG,,,,
NZ_CP047329.1,,,erm(B)*,,,,,,,,,,,,,fosB3,,,
NZ_CP047328.1,,,poxtA*,,,,,,,,,,,,,,,,
NZ_CP047327.1,,,,,,,,,,,,,,,,,,,
NZ_CP096218.1,,,,,,,,,,,,,,,,,,,
NZ_CP096217.1,,,,,,,,,,,,,,,,,,,
NZ_CP096216.1,,,,,,,,,,,,,,,,,,,
NZ_CP096215.1,,,,,,,,,,,,,,,,,,,
NZ_CP096214.1,,,,,,,,,,,,,,,,,,,
NZ_CP096213.1,"vanA*,vanH-A,vanR-A*,vanS-A,vanX-A,vanY-A*,vanZ-A",,erm(B),,,,,,,,,,,,,,,,
NZ_CP096212.1,,,,,,,,,,,,,,,,,,,
NZ_CP096226.1,,,,,,,,,,,,,,,,,,,
NZ_CP096225.1,,,,,,,,,,,,,,,,,,,
NZ_CP096224.1,,,,,,,,,,,,,,,,,,,
NZ_CP096223.1,,,,,,,,,,,,,,,,,,,
NZ_CP096222.1,"vanA*,vanH-A,vanR-A,vanS-A,vanX-A,vanY-A,vanZ-A",,,,,,,,,,,,,,,,,,
NZ_CP096221.1,,,,,,,,,,,,,,,,,,,
NZ_CP096220.1,,,,,aac(6')-Ie/aph(2'')-Ia*,,,,,,,,,,,,,,
NZ_CP072719.1,,,,,,,,,,,,,,,,,,,
NZ_CP072718.1,,,,,,,,,,,,,,,,,,,
NZ_CP072717.1,,,,,,,,,,,,,,,,,,,
NZ_CP072716.1,,,,,,,,,,,,,,,,,,,
NZ_CP072715.1,,,,,,,,,,,,,,,,,,,
NZ_CP072714.1,,,,,,,,,,,,,,,,,,,
NZ_CP072713.1,,,,,,,,,,,,,,,,,,,
NZ_CP072712.1,"vanA*,vanH-A,vanR-A,vanS-A,vanX-A,vanY-A*,vanZ-A",,,,,,,,,,,,,,,,,,
NZ_CP072711.1,,,,,,,,,,,,,,,,,,,
NZ_CP072710.1,,,erm(B)*,,,,,aph(3')-IIIa,,,,,,,,,,,
NZ_CP072709.1,,,,,,,,,,,,,,,,,,,
NZ_CP072708.1,,,,,aac(6')-Ie/aph(2'')-Ia*,,,,,,,,,,,,,,
NZ_CP072741.1,,,,,,,,,,,,,,,,,,,
NZ_CP072740.1,,,,,,,,,,,,,,,,,,,
NZ_CP072739.1,,,,,,,,,,,,,,,,,,,
NZ_CP072738.1,,,,,,,,,,,,,,,,,,,
NZ_CP072737.1,,,,,,,,,,,,,,,,,,,
NZ_CP072736.1,,,,,,,,,,,,,,,,,,,
NZ_CP072735.1,,,,,,,,,,,,,,,,,,,
NZ_CP072734.1,,ant(6)-Ia,,,,,,aph(3')-IIIa,sat4,tet(S),,,,,,,,,
NZ_CP072733.1,"vanA*,vanH-A,vanR-A,vanS-A*,vanX-A,vanY-A*,vanZ-A",,,,,,,,,,,,,,,,,,
NZ_CP072732.1,,,"erm(B),erm(B)*",,aac(6')-Ie/aph(2'')-Ia*,,,,,,,,,,,,,,
NC_008821.1,"vanA,vanH-A,vanR-A,vanS-A,vanX-A,vanY-A,vanZ-A",str^,,,,,,,,,,,,,,,,,
NZ_ON009374.1,,,poxtA,,,,,,,"tet(L)*,tet(M)",,,,,,,,,
NZ_OP046176.1,,,poxtA,,,,,,,"tet(L)*,tet(M)*",,,,,,,,,
NZ_OP046170.1,,ant(6)-Ia^,"erm(B),poxtA*",,,,,aph(3')-IIIa,sat4^,"tet(L)*,tet(M)",,,,,,,,,
NZ_CP072578.1,,,,,,,,,,,,,,,,,,,
NZ_CP072577.1,,,,,,,,,,,,,,,,,,,
NZ_CP072576.1,,,,,,,,,,,,,,,,,,,
NZ_CP072575.1,,,,,,,,,,,,,,,,,,,
NZ_CP072574.1,,,,,,,,,,,,,,,,,,,
NZ_CP072572.1,,,,,,,,,,,,,,,,,,,
NZ_CP072571.1,,,,,,,,,,,,,,,,,,,
NZ_CP072570.1,,,,,,,,,,tet(S),,,,,,,,,
NZ_CP072569.1,"vanA*,vanH-A,vanR-A,vanS-A,vanX-A,vanY-A*,vanZ-A",ant(6)-Ia,erm(B),,,,,aph(3')-IIIa,sat4,,,,,,,,,,
NZ_CP072568.1,,,"erm(B),erm(B)*",,aac(6')-Ie/aph(2'')-Ia*,,,,,,,,,,,,,,
NZ_CP072585.1,,,,,,,,,,,,,,,,,,,
NZ_CP072584.1,,,,,,,,,,,,,,,,,,,
NZ_CP072582.1,,ant(6)-Ia,erm(B)*,,,,,aph(3')-IIIa,,,,lnu(B)^,,,,,,,
NZ_CP072581.1,"vanA*,vanH-A,vanR-A,vanS-A,vanX-A,vanY-A*,vanZ-A",ant(6)-Ia,erm(B),,,,,aph(3')-IIIa,sat4,,,,,,,,,,
NZ_CP072580.1,,,,,,,,,,,,,,,,,,,
NZ_CP072595.1,,,,,,,,,,,,,,,,,,,
NZ_CP072594.1,,,,,,,,,,,,,,,,,,,
NZ_CP072593.1,,,,,,,,,,,,,,,,,,,
NZ_CP072592.1,,,,,,,,,,,,,,,,,,,
NZ_CP072591.1,,,,,,,,,,,,,,,,,,,
NZ_CP072589.1,,ant(6)-Ia,erm(B)*,,,,,aph(3')-IIIa,,,,,,,,,,,
NZ_CP072588.1,"vanA*,vanH-A,vanR-A,vanS-A*,vanX-A,vanY-A*,vanZ-A",,erm(B),,,optrA*,,,,,cfr(D),,,,,,,,
NZ_CP072587.1,,,,,aac(6')-Ie/aph(2'')-Ia*,,,,,,,,,,,,,,
NZ_MT022086.1,,ant(6)-Ia,erm(B),,,,,,,,,lnu(B)^,lsa(E),spw^,,,,,
NZ_MF580438.1,,,erm(B)*,,,optrA*,,,,,cfr,,,,,,,,
NZ_KX853854.1,"vanA,vanH-A,vanR-A,vanX-A,vanY-A,vanZ-A,vanS-A^",,,,,,,,,,,,,,,fosB3,,,
NZ_KP342511.1,"vanN*,vanR-N*,vanS-N*,vanT-N*,vanXY-N*",,,,,,,,,,,,,,,,,,
NZ_KJ645709.1,,ant(6)-Ia,erm(B),catA^,,,,aph(3')-IIIa,sat4,,,lnu(B),lsa(E),spw,,,,,
NZ_AP019409.1,,,,,,,,,,,,,,,,,,,
NZ_AP019410.1,,,erm(B),,,,,,,,,,,,,,,,
NZ_CP050651.1,,,,,,,,,,,,,,,,,,,
NZ_CP050649.1,,,,,,,,,,,,,,,,,,,
NZ_CP038175.1,,,poxtA,,,,,,,,,,,,,,,,
NZ_CP038169.1,,,poxtA,,,,,,,"tet(L)*,tet(M)",,,,,,,,,
NZ_CP038171.1,,,poxtA,,,,,,,"tet(L)*,tet(M)",,,,,dfrG,,,,
NZ_CP038167.1,,,poxtA,catA*,,,,,,"tet(M),tet(L)^",,,,,,,,,
NZ_CP038173.1,,,poxtA,,,,,,,"tet(L)*,tet(M)",,,,,,,,,
NZ_CP045014.1,,,,,,,,,,,,,,,,,,,
NZ_CP045013.1,,ant(6)-Ia,erm(B),,aph(2'')-IVa,,,aph(3')-IIIa,sat4,,,lnu(B),lsa(E)^,,,,,,
NC_021170.1,"vanA*,vanH-A,vanX-A,vanY-A*,vanZ-A",ant(6)-Ia,erm(B),,,,,aph(3')-IIIa,sat4,,,,,,,,,,
NC_019253.1,,,,,,,,,,,,,,,,,,,
NC_016967.1,"vanA,vanH-A,vanR-A,vanS-A,vanX-A,vanY-A,vanZ-A",,,,,,,,,,,,,,,,,,
NC_016009.1,,,,,,,,,,"tet(L),tet(M)",,,,,,,,,
NC_011140.1,"vanA,vanH-A,vanR-A,vanS-A,vanX-A,vanY-A,vanZ-A",str^,,,,,,,,,,,,,,,,,
NC_008768.1,"vanA,vanH-A,vanR-A,vanS-A,vanX-A,vanY-A,vanZ-A",str^,,,,,,,,,,,,,,,,,
NC_008259.1,,,,,,,,,,,,,,,,,,,
NC_007594.1,,,,,,,,,,,,,,,,,,,
NC_005000.1,,ant(6)-Ia,erm(B),catA,,,,,sat4,,,,,,,,,,
NZ_CP071969.1,,,,,,,,,,,,,,,,,,,
NZ_CP071968.1,,,,,,,,,,,,,,,,,,,
NZ_CP071967.1,,,,,,,,,,,,,,,,,,,
NZ_CP071966.1,,,,,,,,,,,,,,,,,,,
NZ_CP071965.1,,,,,,,,,,,,,,,,,,,
NZ_CP071964.1,,,,,,,,,,,,,,,,,,,
NZ_CP071963.1,,,,,,,,,,,,,,,,,,,
NZ_CP071961.1,,,,,,,,,,,,,,,,,,,
NZ_CP071960.1,"vanA*,vanH-A,vanR-A,vanS-A,vanX-A,vanY-A*,vanZ-A",ant(6)-Ia,erm(B),,,,,aph(3')-IIIa,sat4,,,,,,,,,,
NZ_CP071959.1,,ant(6)-Ia,erm(B)*,,aac(6')-Ie/aph(2'')-Ia*,,,aph(3')-IIIa,,tet(L),,,,,,,,,
CP035667.1,"vanA*,vanH-A,vanR-A,vanS-A,vanX-A,vanY-A,vanZ-A",,erm(B),,,,,,,,,,,,,,,,
CP035665.1,,,,,,,,,,,,,,,,,,,
CP035664.1,,,,,,,,,,,,,,,,,,,
CP035663.1,,,,,,,,,,,,,,,,,,,
CP035662.1,,,,,,,,,,,,,,,,,,,
NZ_CP071930.1,,,,,,,,,,,,,,,,,,,
NZ_CP071929.1,,,erm(B),,,,,,,,,,,,,,,,
NZ_CP071928.1,,,,,,,,,,,,,,,,,,,
NZ_CP071927.1,,,,,,,,,,,,,,,,,,,
NZ_CP071926.1,,,,,,,,,,,,,,,,,,,
NZ_CP071924.1,,,,,,,,,,,,,,,,,,,
NZ_CP094236.1,"vanA,vanH-A,vanR-A,vanS-A,vanX-A",,erm(B)*,,,,,aph(3')-IIIa,,,,,,,,,,,
NZ_CP094235.1,,,,,,,,,,,,,,,,,,,
NZ_CP094234.1,,,,,,,,,,,,,,,,,,,
NZ_CP094233.1,,,,,,,,,,,,,,,,,,,
NZ_CP094232.1,,,,,,,,,,,,,,,,,,,
NZ_CP094231.1,,,,,,,,,,,,,,,,,,,
NZ_CP093956.1,,,,,,,,,,,,,,,,,,,
NZ_CP093955.1,"vanA,vanH-A,vanR-A,vanS-A,vanX-A,vanY-A,vanZ-A*",,erm(B)*,,,,,aph(3')-IIIa,,,,,,,,,,,
NZ_CP093954.1,,,,,aac(6')-Ie/aph(2'')-Ia*,,,,,,,,,,,,,,
NZ_CP093946.1,,,,,,,,,,,,,,,,,,,
NZ_CP093945.1,,,,,,,,,,,,,,,,,,,
NZ_CP093944.1,,,,,,,,,,,,,,,,,,,
NZ_CP093943.1,,ant(6)-Ia,erm(T)*,cat-TC^,,,,,,"tet(L),tet(M)",,,,,,,,,
NZ_CP093942.1,,,,,aac(6')-Ie/aph(2'')-Ia*,,,,,,,,,,,,,,
NZ_CP093952.1,,,,,,,,,,,,,,,,,,,
NZ_CP093951.1,,,,,,,,,,,,,,,,,,,
NZ_CP093950.1,,,,,,,,,,,,,,,,,,,
NZ_CP093949.1,"vanA,vanH-A,vanR-A,vanS-A,vanX-A,vanY-A,vanZ-A",,erm(B)*,,,,,aph(3')-IIIa,,,,,,,,,,,
NZ_CP093948.1,,,,,aac(6')-Ie/aph(2'')-Ia*,,,,,,,,,,,,,,
NZ_CP089093.2,,,,,,,,,,,,,,,,,,,
NZ_CP092573.1,,,,,,,,,,,,,,,,,,,
NZ_CP092572.1,,,,,,,,,,,,,,,,,,,
NZ_CP092571.1,"vanA*,vanH-A,vanR-A,vanS-A,vanX-A,vanY-A*,vanZ-A",ant(6)-Ia,erm(B),,,,,aph(3')-IIIa,sat4,tet(S),,,,,,,,,
NZ_CP092570.1,,,,,,,,,,,,,,,,,,,
NZ_CP092378.1,,,,,,,,,,,,,,,,,,,
NZ_CP092377.1,,,,,,,,,,,,,,,,,,,
NZ_CP092376.1,,,,,,,,,,,,,,,,,,,
NZ_CP092375.1,"vanA,vanH-A,vanR-A,vanS-A,vanX-A,vanY-A^",,erm(B)*,,,,,aph(3')-IIIa,,,,,,,,,,,
NZ_CP092374.1,,,,,,,,,,,,,,,,,parC_S80I,,
NZ_CP035222.1,,,,,,,,,,,,,,,,,,,
NZ_CP035221.1,,,,,,,,,,,,,,,,,,,
NZ_CP035138.1,,,,,,,,,,,,,,,,,,,
NZ_CP035137.1,,,,,,,,,,,,,,,,,,,
NZ_CP025687.1,,,,,,,,,,,,,,,,,,,
NZ_CP025686.1,,,,,,,,,,,,,,,,,,,
NZ_CP033042.1,,,,,,,,,,,,,,,,,,,
NZ_CP020487.1,,,,,,,,,,,,,,,,,,,
NZ_CP020486.1,"vanA,vanH-A,vanR-A,vanS-A,vanX-A,vanY-A,vanZ-A",ant(6)-Ia,erm(B),catA,,,,,,,,,,,,,,,
NZ_CP020485.1,,,,,,,,,,,,,,,,,,,
NZ_CP032309.1,,,,,,,,,,,,,,,,,,,
NZ_CP032307.1,,,,,,,,,,,,,,,,,,,
NZ_CP064431.1,,,,,,,,,,,,,,,,,,,
NZ_CP064430.1,,,,,,,,,,,,,,,,,,,
NZ_CP064429.1,,,,,,,,,,,,,,,,,,,
NZ_CP064428.1,"vanA*,vanH-A,vanR-A,vanS-A,vanX-A,vanY-A*,vanZ-A",ant(6)-Ia*,erm(B),,,,,aph(3')-IIIa,sat4,,,,,,,,,,
NZ_CP064427.1,,,,,,,,,,,,,,,,,,,
NZ_CP064426.1,,,,,,,,,,,,,,,dfrG,,,,
NZ_CP064425.1,,,,,aac(6')-Ie/aph(2'')-Ia*,,,,,,,,,,,,,,
NZ_CP064416.1,,,,,,,,,,,,,,,,,,,
NZ_CP064415.1,,,,,,,,,,,,,,,,,,,
NZ_CP064414.1,,,,,,,,,,,,,,,,,,,
NZ_CP064413.1,,,,,,,,,,,,,,,,,,,
NZ_CP064412.1,,,,,,,,,,,,,,,,,,,
NZ_CP064411.1,,,,,,,,,,,,,,,,,,,
NZ_CP064410.1,,,,,,,,,,,,,,,,,,,
NZ_CP064409.1,,,,,,,,,,,,,,,,,,,
NZ_CP064408.1,,,,,,,,,,,,,,,,,,,
NZ_CP064407.1,,,,,,,,,,,,,,,,,,,
NZ_CP012464.1,"vanA*,vanH-A,vanR-A,vanS-A,vanX-A,vanY-A*,vanZ-A",ant(6)-Ia*,erm(B),,,,,aph(3')-IIIa,sat4,,,,,,,,,,
NZ_CP012463.1,,,,,,,,,,,,,,,,,,,
NZ_CP012462.1,,,,,,,,,,,,,,,,,,,
NZ_CP012461.1,,,,,aac(6')-Ie/aph(2'')-Ia*,,,,,,,,,,,,,,
NZ_CP041279.2,"vanA,vanH-A,vanR-A*,vanS-A,vanX-A",ant(6)-Ia*,erm(B)*,,,,,aph(3')-IIIa,,,,lnu(B)^,,,,,,,
NZ_CP041269.2,"vanA,vanH-A,vanR-A*,vanS-A,vanX-A",ant(6)-Ia*,erm(B)*,,,,,aph(3')-IIIa,,,,lnu(B)^,,,,,,,
NZ_CP041268.2,,,,,,,,,,,,,,,,,,,
NZ_CP041267.2,,,,,,,,,,,,,,,,,,,
NZ_CP041266.2,,,,,,,,,,,,,,,,,,,
NZ_CP041265.2,,,,,,,,,,,,,,,,,,,
NZ_CP041264.2,,,,,,,,,,,,,,,,,,,
NZ_CP041263.2,,,,,,,,,,,,,,,,,,,
NZ_CP041262.2,,,,,aac(6')-Ie/aph(2'')-Ia^,,,,,,,,,,,,,,
NZ_CP041271.2,,,,,aac(6')-Ie/aph(2'')-Ia*,,,,,,,,,,,,,,
NZ_CP041278.1,,,,,,,,,,,,,,,,,,,
NZ_CP041277.1,,,,,,,,,,,,,,,,,,,
NZ_CP041276.1,,,,,,,,,,,,,,,,,,,
NZ_CP041275.1,,,,,,,,,,,,,,,,,,,
NZ_CP041273.1,,,,,,,,,,,,,,,,,,,
NZ_CP041272.1,,,,,,,,,,,,,,,,,,,
NZ_CP119158.1,,,,,,,,,,,,,,,,,,,
NZ_CP119157.1,,,,,,,,,,,,,,,,,,,
NZ_CP119156.1,,,,,,,,,,,,,,,,,,,
NZ_CP119155.1,,,,,,,,,,,,,,,,,,,
NZ_CP119154.1,,,,,,,,,,,,,,,,,,,
NZ_CP119153.1,,,,,,,,,,,,,,,,,,,
NZ_CP119152.1,"vanA,vanH-A,vanR-A,vanS-A,vanX-A",,erm(B),,,,,,,,,,,,,,,,
NZ_CP119151.1,,,,,,,,,,,,,,,,,,,
NZ_CP016169.1,,,,,,,,,,,,,,,,,,,
NZ_CP016168.1,,,,,,,,,,,,,,,,,,,
NZ_CP016167.1,,,,,,,,,,,,,,,,,,,
NZ_CP016166.1,"vanA*,vanH-A,vanR-A,vanS-A,vanX-A,vanY-A,vanZ-A",ant(6)-Ia,erm(B)*,,,,,aph(3')-IIIa,sat4,,,,,,,,,,
NZ_CP016165.1,,,,,,,,,,,,,,,,,,,
NZ_CP016164.1,,,,,aac(6')-Ie/aph(2'')-Ia*,,,,,,,,,,,,,,
NZ_CP018829.1,,,,,,,,,,,,,,,,,,,
NZ_CP018827.1,,,,,aac(6')-Ie/aph(2'')-Ia*,,,,,,,,,,,,,,
NZ_CP018826.1,,,,,,,,,,,,,,,,,,,
NZ_CP018825.1,"vanA*,vanH-A,vanR-A,vanS-A,vanX-A,vanY-A*,vanZ-A",ant(6)-Ia,erm(B),,,,,aph(3')-IIIa,sat4,,,,,,,,,,
NZ_CP018832.1,,,,,aac(6')-Ie/aph(2'')-Ia*,,,,,,,,,,,,,,
NZ_CP018831.1,"vanA*,vanH-A,vanR-A,vanS-A,vanX-A,vanY-A*,vanZ-A",ant(6)-Ia,erm(B),,,,,aph(3')-IIIa,sat4,,,,,,,,,,
NZ_CP012435.1,,,,,,,,,,,,,,,,,,,
NZ_CP012434.1,,,,,,,,,,,,,,,,,,,
NZ_CP012433.1,,,,,,,,,,,,,,,,,,,
NZ_CP012432.1,,,,,,,,,,,,,,,,,,,
NZ_CP012431.1,"vanA*,vanH-A,vanR-A,vanS-A,vanX-A,vanY-A,vanZ-A",ant(6)-Ia,erm(B),,,,,aph(3')-IIIa,sat4^,,,,,,,,,,
NZ_CP046170.1,,,,,,,,,,,,,,,,,,,
NZ_CP046169.1,,,,catA,aac(6')-Ie/aph(2'')-Ia,,,,,,,,,,,,,,
NZ_CP046168.1,,ant(6)-Ia,erm(B),,,,,aph(3')-IIIa,sat4,,,,,,,,,,
NZ_CP046167.1,,,,,,,,,,,,,,,,,,,
NZ_CP013010.1,,,,,,,,,,,,,,,,,,,
NC_021996.1,,,,,,,,,,,,,,,,,,,
NC_021995.1,,,,,,,,,,,,,,,,,,,
NC_021990.1,,,,,,,,,,,,,,,,,,,
NC_021989.1,,,,,,,,,,,,,,,,,,,
NC_021988.1,,ant(6)-Ia,erm(B)*,,,,,aph(3')-IIIa,,,,lnu(B)^,lsa(E)*,,,,,,
NC_021987.1,,,,,,,,,,,,,,,,,,,
NZ_CP118956.1,,,,,,,,,,,,,,,,,,,
NZ_CP038997.1,"vanH-M,vanM,vanR-M,vanS-M",,,,,,,,,,,,,,,,,,
NZ_CP039730.1,"vanH-M,vanM,vanS-M,vanX-M^",,,,,,,,,,,,,,,,,,
NZ_CP118551.1,,,erm(B)^,,,,,,,"tet(L)*,tet(M)",,,,,dfrG,,,,
NZ_CP118550.1,,"ant(6)-Ia,ant(6)-Ia^",erm(B)*,,aac(6')-Ie/aph(2'')-Ia,,,aph(3')-IIIa,sat4,,,lnu(B),lsa(E),spw,,,,,
NZ_CP118549.1,,,,,,optrA*,fexA*,,,,,,,,,,,,
NC_020208.1,,,,,,,,,,,,,,,,,,,
NZ_OP378679.1,,,,,,,,,,,,,,,,,,,
NZ_OP378674.1,,,,,aac(6')-Ie/aph(2'')-Ia*,,,,,,,,,,,,,,
NZ_OP378671.1,,,,,,,,,,,,,,,,,,,
NZ_OP378677.1,,,,,,,,,,,,,,,,,,,
NZ_OP378687.1,,,,,aac(6')-Ie/aph(2'')-Ia*,,,,,,,,,,,,,,
NZ_OP378680.1,,,,,,,,,,,,,,,,,,,
NZ_OP378688.1,"vanA*,vanH-A,vanR-A,vanS-A,vanX-A,vanY-A,vanZ-A",ant(6)-Ia^,erm(B),,,,,,,,,,,,,,,,
NZ_OP378691.1,"vanA*,vanH-A,vanR-A,vanS-A,vanX-A,vanY-A*,vanZ-A",ant(6)-Ia*,,,,,,,sat4,,,,,,,,,,
NZ_OP378686.1,,ant(6)-Ia*,erm(B),,,,,,sat4,,,,,,,,,,
NZ_OP378681.1,"vanA*,vanH-A,vanR-A,vanS-A,vanX-A,vanY-A*,vanZ-A",ant(6)-Ia^,erm(B),,,,,aph(3')-IIIa,sat4,,,,,,,,,,
NZ_OP378683.1,,,,,,,,,,,,,,,,,,,
NZ_OP378675.1,"vanA*,vanH-A,vanR-A,vanS-A,vanX-A,vanY-A,vanZ-A",,erm(B),,,,,,,,,,,,,,,,
NZ_OP378670.1,"vanA*,vanH-A,vanR-A,vanS-A,vanX-A,vanY-A*,vanZ-A",ant(6)-Ia,erm(B),,,,,aph(3')-IIIa,sat4,,,,,,,,,,
NZ_OP378689.1,,,,,,,,,,,,,,,,,,,
NZ_OP378684.1,"vanA*,vanH-A,vanR-A,vanS-A,vanX-A,vanY-A*,vanZ-A",ant(6)-Ia^,erm(B),,,,,aph(3')-IIIa,sat4,,,,,,,,,,
NZ_OP378678.1,"vanA*,vanH-A,vanR-A*,vanS-A,vanX-A,vanY-A*,vanZ-A",,,,,,,,,,,,,,,,,,
NZ_OP378672.1,"vanA*,vanH-A,vanR-A,vanS-A,vanX-A,vanY-A*,vanZ-A",ant(6)-Ia*,erm(B)*,,,,,,sat4,,,,,,,,,,
NZ_OP378676.1,,,,,,,,,,,,,,,,,,,
NZ_OP378673.1,,,,,,,,,,,,,,,,,,,
NZ_OP378685.1,,,,,,,,,,,,,,,,,,,
NZ_OP378682.1,,,,,,,,,,,,,,,,,,,
NZ_CP076331.1,"vanA,vanH-A,vanR-A,vanS-A,vanX-A,vanY-A,vanZ-A",ant(6)-Ia,erm(B),catA,,,,,,,,,,,,,,,
NZ_CP076464.1,"vanA,vanH-A,vanR-A,vanS-A*,vanX-A,vanZ-A,vanY-A^",,,,aac(6')-Ie/aph(2'')-Ia,,,,,,,,,,,,,,
NZ_CP076330.1,"vanA*,vanH-A,vanR-A,vanS-A,vanX-A,vanY-A,vanZ-A",ant(6)-Ia,erm(B),,,,,aph(3')-IIIa,sat4,,,,,,,,,,
NZ_CP091581.1,,,,,,,,,,,,,,,,,,,
NZ_CP091580.1,,,,,,,,,,,,,,,,,,,
NZ_CP091579.1,"vanA*,vanH-A,vanR-A,vanS-A,vanX-A,vanY-A,vanZ-A",,erm(B),,,,,,,,,,,,,,,,
NZ_CP091578.1,,,,,,,,,,,,,,,,,,,
NC_017961.1,,,,,,,,,,"tet(L),tet(M)",,,,,,,,,
NC_017962.1,,ant(6)-Ia,erm(B),catA,,,,aph(3')-IIIa,"sat4,sat4^",,,,,,,,,,
NC_017963.1,,,,,,,,,,,,,,,,,,,
NZ_CP091306.1,,,,,,,,,,,,,,,,,,,
NZ_CP091305.1,,,,,,,,,,,,,,,,,,,
NZ_CP091304.1,,,,,,,,,,,,,,,,,,,
NZ_CP091303.1,,ant(6)-Ia,,,,,,aph(3')-IIIa,,,,lnu(B)^,lsa(E),,,,,,
NZ_CP091302.1,,,erm(B)^,,,,,,,,,,,,,,,,
NC_010980.1,"vanA,vanH-A,vanR-A,vanS-A,vanX-A,vanY-A,vanZ-A",str^,,,,,,,,,,,,,,,,,
NC_010880.1,,,,,,,,,,,,,,,,,,,
NC_006427.1,,,,,,,,,,,,,,,,,,,
NZ_MT683615.1,,,poxtA,,,,,,,"tet(L)*,tet(M)",,,,,,,,,
NZ_MT096402.1,,,,,,,,,,,,,,,,,,,
NZ_KY595967.1,,,,,,,,,,,,,,,,,,,
NZ_KY595970.1,,,,,,,,,,,,,,,,,,,
NZ_KY595965.1,,,,,,,,,,,,,,,,,,,
NZ_MH784602.1,,ant(6)-Ia,"erm(B)*,poxtA",,,,,aph(3')-IIIa,,"tet(L)*,tet(M)",,,,,dfrG,,,,
NZ_MH784601.1,,ant(6)-Ia,"erm(B)*,poxtA",,,,,aph(3')-IIIa,,"tet(L)*,tet(M)",,,,,dfrG,,,,
NZ_MG674581.1,,,,,,,,,,,,,,,,,,,
NZ_MG674582.1,"vanA,vanH-A,vanR-A,vanS-A,vanX-A,vanY-A,vanZ-A",str^,,,,,,,,,,,,,,,,,
NZ_KY595966.1,"vanA*,vanH-A,vanR-A,vanS-A,vanX-A,vanY-A,vanZ-A",,,,,,,,,,,,,,,,,,
NZ_KY595962.1,"vanA*,vanH-A,vanR-A,vanS-A,vanX-A,vanY-A*,vanZ-A",,,,,,,,,,,,,,,,,,
NZ_KY579372.1,,ant(6)-Ia,erm(B)*,,,optrA*,,aph(3')-IIIa,,,cfr,lnu(B),,,,,,,
NZ_KY554216.1,"vanA*,vanH-A,vanR-A,vanS-A,vanX-A,vanY-A*,vanZ-A",,,,,,,,,,,,,,,,,,
NZ_KY595963.1,,,,,,,,,,,,,,,,,,,
NZ_KY595969.1,,,,,,,,,,,,,,,,,,,
NZ_KY595964.1,,,,,,,,,,,,,,,,,,,
NZ_KX574671.1,"vanA*,vanH-A,vanR-A,vanS-A,vanX-A,vanY-A,vanZ-A",ant(6)-Ia,erm(B),,,,,aph(3')-IIIa,sat4,,,,,,,,,,
NZ_KX810025.1,"vanA*,vanH-A,vanR-A,vanS-A,vanX-A,vanY-A*,vanZ-A",ant(6)-Ia,erm(B),,,,,aph(3')-IIIa,sat4,,,,,,,,,,
NZ_KX810026.1,"vanA,vanH-A,vanR-A,vanS-A,vanX-A,vanY-A,vanZ-A",,erm(B),catA,,,,,,,,,,,,,,,
NZ_KP842560.1,,ant(6)-Ia,erm(B),catA,,,,aph(3')-IIIa,sat4,,,,,,,,,,
NZ_KP345886.1,,,,,,,,,,"tet(L),tet(M)",,,,,,,,,
NZ_CP017791.1,,,,,,,,,,,,,,,,,,,
NZ_CP017790.1,"vanA*,vanH-A,vanR-A,vanS-A,vanX-A,vanY-A,vanZ-A",ant(6)-Ia*,erm(B),,,,,aph(3')-IIIa,sat4,,,,,,,,,,
NZ_CP017789.1,,,,,,,,,,,,,,,,,,,
NZ_CP017788.1,,,,,,,,,,,,,,,,,,,
NZ_CP017798.1,,,,,,,,,,,,,,,,,,,
NZ_CP017794.1,,,,,,,,,,,,,,,,,,,
NZ_CP018132.1,,,,,,,,,,,,,,,,,,,
NZ_CP018131.1,,ant(6)-Ia,erm(B),,,,,aph(3')-IIIa,sat4,,,,,,,,,,
NZ_CP018130.1,"vanA,vanH-A,vanR-A,vanS-A,vanX-A,vanZ-A^",,,,,,,,,,,,,,,,,,
NZ_CP018129.1,,,,,,,,,,,,,,,,,,,
NZ_CP019976.1,,,,,,,,,,,,,,,,,,,
NZ_CP019975.1,,,,,,,,,,,,,,,,,,,
NZ_CP019974.1,,,,,,,,,,,,,,,,,,,
NZ_CP019973.1,"vanA,vanH-A,vanR-A,vanS-A,vanX-A,vanY-A,vanZ-A",,,,,,,,,,,,,,,,,,
NZ_CP019972.1,,ant(6)-Ia*,erm(B)*,,,,,aph(3')-IIIa,,,,,,,,,,,
NZ_CP019971.1,,,erm(A),,,,,,,,,,,ant(9)-Ia,dfrG,,,,
NZ_CP019212.1,,,,,,,,,,,,,,,,,,,
NZ_CP019211.1,,,,,,,,,,,,,,,,,,,
NZ_CP019210.1,"vanA,vanH-A,vanR-A,vanS-A,vanX-A,vanY-A,vanZ-A",,erm(B)*,,,,,aph(3')-IIIa,,,,,,,,,,,
NZ_CP019209.1,,,,,aac(6')-Ie/aph(2'')-Ia*,,,,,,,,,,,,,,
NZ_CP018073.1,,,,,aac(6')-Ie/aph(2'')-Ia*,,,,,,,,,,,,,,
NZ_CP018072.1,,ant(6)-Ia,erm(B)*,,,,,aph(3')-IIIa,,"tet(L),tet(L)*,tet(M)^",,lnu(B),lsa(E),,,,,,
NZ_CP018070.1,,,,,,,,,,,,,,,,,,,
NZ_CP116535.1,,,,,,,,,,"tet(L)*,tet(M)*",,,,,,,,,
NZ_CP116534.1,,,poxtA,,,,,,,,,,,,,,,,
NZ_CP116533.1,,,erm(B),,,optrA,,,,,,,,,dfrG,,,,
NZ_CP116542.1,,,poxtA,,,,,,,"tet(L)*,tet(M)",,,,,,,,,
NZ_CP116541.1,,,,,,,,,,,,,,,,,,,
NZ_CP116545.1,,,poxtA,,,,,,,"tet(L)*,tet(M)",,,,,,,,,
NZ_CP116544.1,,"ant(6)-Ia,ant(6)-Ia^",erm(B),,aac(6')-Ie/aph(2'')-Ia,optrA*,,aph(3')-IIIa,sat4,,,lnu(B),lsa(E),spw,dfrG,,,,
NZ_CP116552.1,,,poxtA*,,,,,,,"tet(L)*,tet(M)",,,,,,,,,
NZ_CP116551.1,,,erm(B)*,,,,,,,,,,,,,,,,
NZ_CP116550.1,,,,,,,,,,,,,,,,,,,
NZ_CP116548.1,,,poxtA*,,,,,,,"tet(L)*,tet(M)",,,,,,,,,
NZ_CP116547.1,,,,,,,,,,,,,,,,,,,
NZ_CP116516.1,,,poxtA,,aac(6')-Ie/aph(2'')-Ia,,,,,,,,,,,,,,
NZ_CP116515.1,,,,,,,,,,,,,,,dfrG,,,,
NZ_CP116527.1,,,,,,,,,,"tet(L)*,tet(M)*",,,,,,,,,
NZ_CP116526.1,,,poxtA,,,,,,,,,,,,,,,,
NZ_CP116525.1,,,,,,,,,,,,,,,,,,,
NZ_CP116524.1,,,erm(B),,,optrA,,,,,,,,,dfrG,,,,
NZ_CP116531.1,,,,,,,,,,"tet(L)*,tet(M)*",,,,,,,,,
NZ_CP116530.1,,,poxtA,,,,,,,,,,,,,,,,
NZ_CP116529.1,,,erm(B),,,optrA,,,,,,,,,dfrG,,,,
NZ_CP116522.1,,,"erm(B),poxtA",,,,,,,"tet(L)*,tet(M)*",,,,,,,,,
NZ_CP116521.1,,,,,,,,,,tet(M),,,,,,,,,
NZ_CP116519.1,,ant(6)-Ia,"erm(B),poxtA",,,,,,,"tet(L)*,tet(M)",,lnu(B),lsa(E),spw,,,,,
NZ_CP116518.1,,,,,,,,,,,,,,,,,,,
NZ_CP116539.1,,,,,,,,,,,,,,,,,,,
NZ_CP116538.1,,,poxtA,,,,,,,"tet(L)*,tet(M)",,,,,,,,,
NZ_CP116537.1,,,,,,,,,,,,,,,,,,,
NZ_CP038165.1,,,poxtA,,,,,,,"tet(L)*,tet(M)",,,,,,,,,
NZ_CP116025.1,,,poxtA,,,,,,,,,,,,,,,,
NZ_CP116024.1,,,,,,,,,,,,,,,,,,,
NZ_CP038162.1,,,"erm(B),poxtA",,,,,,,"tet(L),tet(M)",,,,,,,,,
NZ_CP066658.1,,,,,,,,,,,,,,,,,,,
NZ_CP066657.1,,,,,,,,,,,,,,,,,,,
NZ_CP066656.1,"vanA*,vanH-A,vanR-A,vanS-A,vanX-A,vanY-A,vanZ-A",,,,,,,,,,,,,,,,,,
NZ_CP066655.1,,,,,,,,,,,,,,,,,,,
NZ_CP066654.1,,,,,,,,,,,,,,,,,,,
NZ_CP066636.1,,,,,,,,,,,,,,,,,,,
NZ_CP066635.1,,,,,,,,,,,,,,,,,,,
NZ_CP066634.1,,,,,,,,,,,,,,,,,,,
NZ_CP066633.1,,,,,,,,,,,,,,,,,,,
NZ_CP066632.1,"vanA*,vanH-A,vanR-A,vanS-A,vanX-A,vanY-A,vanZ-A",ant(6)-Ia,erm(B),,,,,aph(3')-IIIa,sat4,,,,,,,,,,
NZ_CP066631.1,,,,,,,,,,,,,,,,,,,
NZ_CP066630.1,,,,,,,,,,,,,,,,,,,
NZ_CP066652.1,,,,,aac(6')-Ie/aph(2'')-Ia*,,,,,,,,,,,,,,
NZ_CP066650.1,,,,,,,,,,,,,,,,,,,
NZ_CP066649.1,"vanA*,vanH-A,vanR-A,vanS-A,vanX-A,vanY-A*,vanZ-A",ant(6)-Ia^,erm(B),,,,,aph(3')-IIIa,sat4,,,,,,,,,,
NZ_CP066648.1,,,,,,,,,,,,,,,,,,,
NZ_CP066647.1,,,,,,,,,,,,,,,,,,,
NZ_CP066646.1,,,,,,,,,,,,,,,,,,,
NZ_CP066605.1,,,,,,,,,,,,,,,,,,,
NZ_CP066604.1,,,,,,,,,,,,,,,,,,,
NZ_CP066603.1,"vanA*,vanH-A,vanX-A",,,,,,,,,,,,,,,,,,
NZ_CP066602.1,,,,,,,,,,,,,,,,,,,
NZ_CP066601.1,,,,,,,,,,,,,,,,,,,
NZ_CP066600.1,,,,,,,,,,,,,,,,,,,
NZ_CP066599.1,"vanR-A,vanS-A",,,,,,,,,,,,,,,,,,
NZ_CP066597.1,,,,,,,,,,,,,,,,,,,
NZ_CP066596.1,,,,,,,,,,,,,,,,,,,
NZ_CP066595.1,,,,,,,,,,,,,,,,,,,
NZ_CP066594.1,"vanA*,vanH-A,vanR-A,vanS-A,vanX-A,vanY-A*,vanZ-A",ant(6)-Ia^,erm(B),,,,,aph(3')-IIIa,sat4,,,,,,,,,,
NZ_CP066593.1,,,,,,,,,,,,,,,,,,,
NZ_CP066592.1,,,,,aac(6')-Ie/aph(2'')-Ia*,,,,,,,,,,,,,,
NZ_CP066582.1,,,,,,,,,,,,,,,,,,,
NZ_CP066581.1,,,,,,,,,,,,,,,,,,,
NZ_CP066580.1,,,,,,,,,,,,,,,,,,,
NZ_CP066579.1,"vanA*,vanH-A,vanR-A,vanS-A,vanX-A,vanY-A*,vanZ-A",ant(6)-Ia^,erm(B),,,,,aph(3')-IIIa,sat4,,,,,,,,,,
NZ_CP066578.1,,,,,,,,,,,,,,,,,,,
NZ_CP066577.1,,,,,aac(6')-Ie/aph(2'')-Ia*,,,,,,,,,,,,,,
NZ_CP066590.1,,,,,,,,,,,,,,,,,,,
NZ_CP066589.1,,,,,,,,,,,,,,,,,,,
NZ_CP066588.1,,,,,,,,,,,,,,,,,,,
NZ_CP066587.1,,,,,,,,,,,,,,,,,,,
NZ_CP066586.1,"vanA*,vanH-A,vanR-A,vanS-A,vanX-A,vanY-A*,vanZ-A",ant(6)-Ia^,erm(B),,,,,aph(3')-IIIa,sat4,,,,,,,,,,
NZ_CP066585.1,,,,,aac(6')-Ie/aph(2'')-Ia*,,,,,,,,,,,,,,
NZ_CP066584.1,,,,,,,,,,,,,,,,,,,
NZ_CP066575.1,,,,,,,,,,,,,,,,,,,
NZ_CP066574.1,,,,,,,,,,,,,,,,,,,
NZ_CP066573.1,,,,,,,,,,,,,,,,,,,
NZ_CP066572.1,,,,,,,,,,,,,,,,,,,
NZ_CP066571.1,"vanA*,vanH-A,vanR-A,vanS-A,vanX-A,vanY-A,vanZ-A",,erm(B),,,,,,,,,,,,,,,,
NZ_CP066570.1,,,,,,,,,,,,,,,,,,,
NZ_CP066569.1,,,,,aac(6')-Ie/aph(2'')-Ia*,,,,,,,,,,,,,,
NZ_CP066666.1,,,,,,,,,,,,,,,,,,,
NZ_CP066665.1,,,,,,,,,,,,,,,,,,,
NZ_CP066663.1,,,,,,,,,,,,,,,,,,,
NZ_CP066662.1,"vanA*,vanH-A,vanR-A,vanS-A,vanX-A,vanY-A*,vanZ-A",ant(6)-Ia,erm(B),,,,,aph(3')-IIIa,sat4,,,,,,,,,,
NZ_CP066661.1,,,,,,,,,,,,,,,,,,,
NZ_CP066660.1,,,,,aac(6')-Ie/aph(2'')-Ia*,,,,,,,,,,,,,,
NZ_CP066644.1,,,,,,,,,,,,,,,,,,,
NZ_CP066643.1,,,,,,,,,,,,,,,,,,,
NZ_CP066642.1,,,,,,,,,,,,,,,,,,,
NZ_CP066641.1,"vanA*,vanH-A,vanR-A,vanS-A,vanX-A,vanY-A*,vanZ-A",ant(6)-Ia*,erm(B),,,,,aph(3')-IIIa,sat4,,,,,,,,,,
NZ_CP066640.1,,,,,,,,,,,,,,,,,,,
NZ_CP066639.1,,,,,,,,,,,,,,,dfrG,,,,
NZ_CP066638.1,,,,,,,,,,,,,,,,,,,
NZ_CP066672.1,,,,,,,,,,,,,,,,,,,
NZ_CP066671.1,,,,,,,,,,,,,,,,,,,
NZ_CP066670.1,,,,,,,,,,,,,,,,,,,
NZ_CP066669.1,"vanA*,vanH-A,vanR-A,vanS-A,vanX-A,vanY-A,vanZ-A",ant(6)-Ia,erm(B),,,,,aph(3')-IIIa,sat4,,,,,,,,,,
NZ_CP066668.1,,,,,,,,,,,,,,,,,,,
NZ_CP066628.1,,,,,,,,,,,,,,,,,,,
NZ_CP066626.1,,,,,,,,,,,,,,,,,,,
NZ_CP066625.1,"vanA*,vanH-A,vanR-A,vanS-A,vanX-A,vanY-A*,vanZ-A",ant(6)-Ia,erm(B),,,,,aph(3')-IIIa,sat4,,,,,,,,,,
NZ_CP066624.1,,,,,,,,,,,,,,,,,,,
NZ_CP066623.1,,,,,aac(6')-Ie/aph(2'')-Ia*,,,,,,,,,,,,,,
NZ_CP066618.1,,,,,,,,,,,,,,,,,,,
NZ_CP066616.1,,,,,,,,,,,,,,,,,,,
NZ_CP066615.1,,,,,aac(6')-Ie/aph(2'')-Ia*,,,,,,,,,,,,,,
NZ_CP066679.1,,,,,,,,,,,,,,,,,,,
NZ_CP066678.1,,,,,,,,,,,,,,,,,,,
NZ_CP066677.1,,,,,,,,,,,,,,,,,,,
NZ_CP066676.1,,,,,,,,,,,,,,,,,,,
NZ_CP066675.1,,ant(6)-Ia,erm(B)^,,,,,aph(3')-IIIa,sat4,,,,,,,,,,
NZ_CP066674.1,,,,,,,,,,,,,,,,,,,
NZ_CP066613.1,,,,,,,,,,,,,,,,,,,
NZ_CP066612.1,,,,,,,,,,,,,,,,,,,
NZ_CP066611.1,,,,,,,,,,,,,,,,,,,
NZ_CP066610.1,"vanA*,vanH-A,vanR-A,vanS-A,vanX-A,vanY-A*,vanZ-A",,erm(B),,,,,aph(3')-IIIa,sat4,,,,,,,,,,
NZ_CP066609.1,,,,,,,,,,,,,,,,,,,
NZ_CP066608.1,,,,,aac(6')-Ie/aph(2'')-Ia*,,,,,,,,,,,,,,
NZ_CP066607.1,,,,,,,,,,,,,,,,,,,
NZ_MW821651.1,"vanA*,vanH-A,vanR-A,vanS-A,vanX-A,vanY-A*,vanZ-A",,,,,,,,,,,,,,,,,,
NZ_CP066479.1,,,,,,,,,,,,,,,,,,,
NZ_CP066478.1,,,,,,,,,,,,,,,,,,,
NZ_CP066477.1,,,,,,,,,,,,,,,,,,,
NZ_CP066476.1,,,,,,,,,,,,,,,,,,,
NZ_CP066475.1,"vanA*,vanH-A,vanR-A,vanS-A,vanX-A,vanY-A*,vanZ-A",ant(6)-Ia,erm(B),,,,,aph(3')-IIIa,sat4,,,,,,,,,,
NZ_CP066474.1,,,,,aac(6')-Ie/aph(2'')-Ia*,,,,,,,,,,,,,,
NZ_CP066414.1,,,,,,,,,,,,,,,,,,,
NZ_CP066413.1,,,,,,,,,,,,,,,,,,,
NZ_CP066412.1,,,,,,,,,,,,,,,,,,,
NZ_CP066411.1,,,,,,,,,,,,,,,,,,,
NZ_CP066410.1,,,,,aac(6')-Ie/aph(2'')-Ia*,,,,,,,,,,,,,,
NZ_CP066408.1,,,,,,,,,,,,,,,,,,,
NZ_CP066406.1,"vanA*,vanH-A,vanR-A,vanS-A,vanX-A,vanY-A*,vanZ-A",,,,,,,,,,,,,,,,,,
NZ_CP066405.1,,ant(6)-Ia,erm(B)*,,,,,aph(3')-IIIa,,,,lnu(B),,,,,,,
NZ_CP066404.1,,,,,,,,,,,,,,,,,,,
NZ_CP066403.1,,,,,,,,,,,,,,,dfrG,,,,
NZ_CP066402.1,,,,,,,,,,,,,,,,,,,
NZ_CP066401.1,,,,,,,,,,,,,,,,,,,
NZ_CP066400.1,,,,,,,,,,,,,,,,,,,
NZ_CP066399.1,,,,,,,,,,,,,,,,,,,
NZ_CP066398.1,,,,,,,,,,,,,,,,,,,
NZ_CP066397.1,,,,,,,,,,,,,,,,,,,
NZ_CP066450.1,,,,,,,,,,,,,,,,,,,
NZ_CP066449.1,,,,,,,,,,,,,,,,,,,
NZ_CP066448.1,,,,,,,,,,,,,,,,,,,
NZ_CP066447.1,,,,,,,,,,,,,,,,,,,
NZ_CP066446.1,"vanA*,vanH-A,vanR-A,vanS-A,vanX-A,vanY-A*,vanZ-A",ant(6)-Ia^,erm(B),,,,,aph(3')-IIIa,sat4,,,,,,,,,,
NZ_CP066445.1,,,,,,,,,,,,,,,,,,,
NZ_CP066444.1,,,,,,,,,,,,,,,,,,,
NZ_CP066456.1,,,,,,,,,,,,,,,,,,,
NZ_CP066455.1,,,,,,,,,,,,,,,,,,,
NZ_CP066454.1,"vanA*,vanH-A,vanR-A,vanS-A,vanX-A,vanY-A*,vanZ-A",ant(6)-Ia^,erm(B),,,,,aph(3')-IIIa,sat4,,,,,,,,,,
NZ_CP066453.1,,,,,,,,,,,,,,,,,,,
NZ_CP066452.1,,,,,aac(6')-Ie/aph(2'')-Ia*,,,,,,,,,,,,,,
NZ_CP066441.1,,,,,,,,,,,,,,,,,,,
NZ_CP066440.1,,,,,,,,,,,,,,,,,,,
NZ_CP066439.1,,,,,,,,,,,,,,,,,,,
NZ_CP066438.1,"vanA*,vanH-A,vanR-A,vanS-A,vanX-A,vanY-A*,vanZ-A",ant(6)-Ia,erm(B),,,,,aph(3')-IIIa,sat4,,,,,,,,,,
NZ_CP066437.1,,,,,,,,,,,,,,,,,,,
NZ_CP066436.1,,,,,,,,,,,,,,,dfrG,,,,
NZ_CP066435.1,,,,,,,,,,,,,,,,,,,
NZ_CP066433.1,,,,,,,,,,,,,,,,,,,
NZ_CP066432.1,,,,,,,,,,,,,,,,,,,
NZ_CP066431.1,,,,,,,,,,,,,,,,,,,
NZ_CP066430.1,,,,,,,,,,,,,,,,,,,
NZ_CP066429.1,"vanA*,vanH-A,vanR-A,vanS-A,vanX-A,vanY-A*,vanZ-A",ant(6)-Ia^,erm(B),,,,,aph(3')-IIIa,sat4,,,,,,,,,,
NZ_CP066428.1,,,,,aac(6')-Ie/aph(2'')-Ia*,,,,,,,,,,,,,,
NZ_CP066465.1,,,,,,,,,,,,,,,,,,,
NZ_CP066464.1,,,,,,,,,,,,,,,,,,,
NZ_CP066463.1,,,,,,,,,,,,,,,,,,,
NZ_CP066462.1,,,,,,,,,,,,,,,,,,,
NZ_CP066461.1,"vanA*,vanH-A,vanR-A,vanS-A,vanX-A,vanY-A*,vanZ-A",ant(6)-Ia,erm(B),,,,,aph(3')-IIIa,sat4,,,,,,,,,,
NZ_CP066460.1,,,,,,,,,,,,,,,,,,,
NZ_CP066459.1,,,,,,,,,,,,,,,,,,,
NZ_CP066458.1,,,,,aac(6')-Ie/aph(2'')-Ia*,,,,,,,,,,,,,,
NZ_CP066388.1,,,,,,,,,,,,,,,,,,,
NZ_CP066387.1,,,,,,,,,,,,,,,,,,,
NZ_CP066386.1,,,,,,,,,,,,,,,,,,,
NZ_CP066385.1,"vanA*,vanH-A,vanR-A,vanS-A,vanX-A,vanY-A*,vanZ-A",ant(6)-Ia,erm(B),,,,,aph(3')-IIIa,sat4,,,,,,,,,,
NZ_CP066384.1,,,,,,,,,,,,,,,,,,,
NZ_CP066383.1,"vanA*,vanH-A,vanX-A,vanZ-A",,,,,,,,,,,,,,,,,,
NZ_CP066382.1,,,,,,,,,,,,,,,,,,,
NZ_CP066485.1,,,,,,,,,,,,,,,,,,,
NZ_CP066484.1,,,,,,,,,,,,,,,,,,,
NZ_CP066483.1,"vanA*,vanH-A,vanR-A,vanS-A,vanX-A,vanY-A*,vanZ-A*",,erm(B)*,,,,,,,,,,,,,,,,
NZ_CP066482.1,,,,,,,,,,,,,,,,,,,
NZ_CP066481.1,,,,,aac(6')-Ie/aph(2'')-Ia*,,,,,,,,,,,,,,
NZ_CP066395.1,,,,,,,,,,,,,,,,,,,
NZ_CP066394.1,,,,,,,,,,,,,,,,,,,
NZ_CP066393.1,,,,,,,,,,,,,,,,,,,
NZ_CP066392.1,"vanA*,vanH-A,vanR-A,vanS-A,vanX-A",ant(6)-Ia*,erm(B),,,,,aph(3')-IIIa,sat4,,,,,,,,,,
NZ_CP066391.1,,,,,,,,,,,,,,,,,,,
NZ_CP066390.1,,,,,aac(6')-Ie/aph(2'')-Ia*,,,,,,,,,,,,,,
NZ_CP066472.1,,,,,,,,,,,,,,,,,,,
NZ_CP066471.1,,,,,,,,,,,,,,,,,,,
NZ_CP066470.1,,,,,,,,,,,,,,,,,,,
NZ_CP066469.1,,,,,,,,,,,,,,,,,,,
NZ_CP066468.1,,,,,aac(6')-Ie/aph(2'')-Ia*,,,,,,,,,,,,,,
NZ_CP066467.1,,,,,,,,,,,,,,,,,,,
NZ_CP066426.1,,,,,,,,,,,,,,,,,,,
NZ_CP066425.1,,,,,,,,,,,,,,,,,,,
NZ_CP066424.1,"vanA*,vanH-A,vanR-A,vanS-A,vanX-A,vanY-A,vanZ-A",ant(6)-Ia*,erm(B),,,,,aph(3')-IIIa,sat4,,,,,,,,,,
NZ_CP066423.1,,,,,,,,,,,,,,,,,,,
NZ_CP066422.1,,,,,aac(6')-Ie/aph(2'')-Ia*,,,,,,,,,,,,,,
NZ_CP066420.1,,,,,,,,,,,,,,,,,,,
NZ_CP066419.1,,,,,,,,,,,,,,,,,,,
NZ_CP066417.1,,,,,aac(6')-Ie/aph(2'')-Ia*,,,,,,,,,,,,,,
NZ_CP066416.1,,,,,,,,,,,,,,,,,,,
NZ_CP025078.1,,ant(6)-Ia,erm(B),catA,,,,,,"tet(L),tet(M)",,lnu(B),lsa(E),spw^,,,,,
NZ_CP065935.1,,,,,,,,,,,,,,,,,,,
NZ_CP065934.1,,,,,,,,,,,,,,,,,,,
NZ_CP065933.1,,,,,,,,,,,,,,,,,,,
NZ_CP065932.1,"vanA*,vanH-A,vanR-A,vanS-A,vanX-A,vanY-A*,vanZ-A",ant(6)-Ia^,erm(B),,,,,aph(3')-IIIa,sat4,,,,,,,,,,
NZ_CP065931.1,,,,,,,,,,,,,,,,,,,
NZ_CP065930.1,,,,,,,,,,,,,,,dfrF*,,,,
NZ_CP065929.1,,,,,,,,,,,,,,,,,,,
NZ_AP019396.1,,,erm(B),,,,,,,,,,,,,,,,
NZ_AP019395.1,,,,,,,,,,,,,,,,,,,
NZ_CP023427.1,,,,,,,,,,,,,,,,,,,
NZ_CP023426.1,,ant(6)-Ia,erm(B)*,,,,,aph(3')-IIIa,,,,lnu(B)^,lsa(E),,,,,,
NZ_CP023425.1,,,,,,,,,,,,,,,,,,,
NZ_CP023424.1,,,,,aac(6')-Ie/aph(2'')-Ia*,,,,,,,,,,,,,,
NZ_CP089324.1,,,,,,,,,,,,,,,,,,,
NZ_CP089323.1,,,,,,,,,,,,,,,,,,,
NZ_CP089322.1,"vanA*,vanH-A,vanR-A,vanS-A,vanX-A,vanY-A,vanZ-A",ant(6)-Ia*,erm(B),,,,,aph(3')-IIIa,sat4,,,,,,,,,,
NZ_CP089321.1,,,,,,,,,,,,,,,,,,,
NZ_CP089320.1,,,,,,,,,,,,,,,,,,,
NZ_CP114623.1,,,,,,,,,,,,,,,,,,,
NZ_CP114622.1,,,,,,,,,,,,,,,,,,,
NZ_CP114621.1,,,,,,,,,,,,,,,,,,,
NZ_CP114620.1,,ant(6)-Ia^,,,,,,aph(3')-IIIa,sat4,tet(S),,,,,,,,,
NZ_CP114619.1,"vanA,vanH-A,vanS-A,vanX-A,vanY-A*,vanZ-A,vanR-A^",,erm(B)^,,aac(6')-Ie/aph(2'')-Ia*,,,,,,,,,,,,,,
NZ_CP114618.1,,,,,,,,,,,,,,,,,,,
NZ_CP065553.1,,,,,,,,,,,,,,,,,,,
NZ_CP065552.1,,,,,,,,,,,,,,,,,,,
NZ_CP065550.1,"vanA*,vanH-A,vanR-A,vanS-A,vanX-A,vanY-A*,vanZ-A",ant(6)-Ia^,erm(B),,,,,aph(3')-IIIa,sat4,,,,,,,,,,
NZ_CP065549.1,,,,,aac(6')-Ie/aph(2'')-Ia*,,,,,,,,,,,,,,
NZ_CP065548.1,,,,,,,,,,,,,,,,,,,
NZ_CP065526.1,,ant(6)-Ia*,erm(B)*,,,,,aph(3')-IIIa,,,,,,,,,,,
NZ_CP065525.1,,,,,,,,,,,,,,,,,,,
NZ_CP065524.1,,,,,,,,,,,,,,,,,,,
NZ_CP065530.1,,,,,,,,,,,,,,,,,,,
NZ_CP065529.1,,,,,,,,,,,,,,,,,,,
NZ_CP065528.1,,,,,,,,,,,,,,,,,,,
NZ_AP022344.1,,,,,,,,,,,,,,,,,,,
NZ_AP022343.1,"vanA,vanH-A,vanR-A,vanS-A,vanX-A,vanY-A",,erm(A),,,,,,,,,,,ant(9)-Ia,,,,,
NZ_AP022342.1,,ant(6)-Ia,erm(B),,,,,,,,,,,,,,,,
NZ_LR135316.1,,,,,,,,,,,,,,,,,,,
NZ_LR135315.1,,,,,,,,,,,,,,,,,,,
NZ_LR135314.1,,,,,,,,,,,,,,,,,,,
NZ_LR135313.1,,,,,,,,,,,,,,,,,,,
NZ_LR135312.1,,,,,,,,,,,,,,,,,,,
NZ_LR135311.1,,ant(6)-Ia,erm(B),,,,,aph(3')-IIIa,,,,lnu(B)^,,,,,,,
NZ_LR135310.1,"vanA*,vanH-A,vanR-A,vanS-A,vanX-A,vanY-A*,vanZ-A",ant(6)-Ia,erm(B),,,,,aph(3')-IIIa,sat4,,,,,,,,,,
NZ_LR135309.1,,,,,,,,,,,,,,,,,,,
NZ_LR135308.1,,,,,aac(6')-Ie/aph(2'')-Ia*,,,,,,,,,,,,,,
NZ_LR135343.1,,,,,,,,,,,,,,,,,,,
NZ_LR135342.1,,ant(6)-Ia,erm(B),,,,,aph(3')-IIIa,sat4,,,,,,,,,,
NZ_LR135341.1,,,,,,,,,,,,,,,dfrG,,,,
NZ_LR135340.1,,,,,,,,,,,,,,,,,,,
NZ_LR135338.1,,,,,,,,,,,,,,,,,,,
NZ_LR135337.1,,,,,,,,,,,,,,,,,,,
NZ_LR135336.1,,,,,,,,,,,,,,,,,,,
NZ_LR135335.1,"vanA*,vanH-A,vanR-A,vanS-A,vanX-A,vanY-A*,vanZ-A",ant(6)-Ia,erm(B),,,,,aph(3')-IIIa,sat4,,,,,,,,,,
NZ_LR135334.1,,,,,aph(2'')-IIa*,,,,,,,,,,,,,aac(6')-Im,
NZ_LR135333.1,,,,,,,,,,,,,,,,,,,
NZ_LR135332.1,,,,,,,,,,,,,,,,,,,
NZ_LR135292.1,,,,,,,,,,,,,,,,,,,
NZ_LR135291.1,,,,,,,,,,,,,,,,,,,
NZ_LR135290.1,,ant(6)-Ia,erm(B),,,,,,,,,,,,,,,,
NZ_LR135289.1,,,erm(B)*,,,,,aph(3')-IIIa,,,,,,,,,,,
NZ_LR135288.1,,,,,aac(6')-Ie/aph(2'')-Ia*,,,,,,,,,,,,,,
NZ_LR135306.1,,,,,,,,,,,,,,,,,,,
NZ_LR135305.1,,,,,,,,,,,,,,,,,,,
NZ_LR135304.1,,,,,,,,,,,,,,,,,,,
NZ_LR135303.1,,,,,,,,,,,,,,,,,,,
NZ_LR135302.1,,,,,,,,,,,,,,,,,,,
NZ_LR135300.1,,ant(6)-Ia,erm(B),,,,,aph(3')-IIIa,sat4,,,,,,,,,,
NZ_LR135299.1,,,,,,,,,,,,,,,dfrG,,,,
NZ_LR135298.1,"vanB*,vanH-B*,vanR-B,vanS-B*,vanW-B,vanX-B,vanY-B",,,,,,,,,,,,,,,,,,
NZ_LR135296.1,,,,,,,,,,,,,,,,,,,
NZ_LR135295.1,,,,,,,,,,,,,,,,,,,
NZ_LR135294.1,,ant(6)-Ia^,erm(B),,aac(6')-Ie/aph(2'')-Ia,,,aph(3')-IIIa,sat4,,,,,,,,,,
NZ_LR135257.1,,,,,,,,,,,,,,,,,,,
NZ_LR135256.1,"vanA,vanH-A,vanR-A,vanS-A*,vanX-A,vanY-A,vanZ-A",ant(6)-Ia,erm(B)*,,,,,aph(3')-IIIa,,"tet(L),tet(M)^",,lnu(B),lsa(E)^,,,,,,
NZ_LR135255.1,,,,,aac(6')-Ie/aph(2'')-Ia*,,,,,,,,,,,,,,
NZ_LR135784.1,"vanA,vanH-A,vanR-A,vanS-A,vanX-A,vanY-A,vanZ-A",str^,,,,,,,,,,,,,,,,,
NZ_LR135783.1,,,,,,,,,,,,,,,,,,,
NZ_LR135286.1,,,,,,,,,,,,,,,,,,,
NZ_LR135285.1,,,,,,,,,,,,,,,,,,,
NZ_LR135284.1,,,,,,,,,,,,,,,,,,,
NZ_LR135283.1,,,erm(B)*,,,,,aph(3')-IIIa,,,,,,,,,,,
NZ_LR135282.1,,,,,,,,,,,,,,,,,,,
NZ_LR135281.1,"vanA*,vanH-A,vanR-A,vanS-A,vanX-A,vanY-A*,vanZ-A",ant(6)-Ia,erm(B)*,,,,,aph(3')-IIIa,sat4,,,,,,,,,,
NZ_LR135280.1,,,,,,,,,,,,,,,,,,,
NZ_LR135279.1,,,,,aac(6')-Ie/aph(2'')-Ia*,,,,,,,,,,,,,,
NZ_LR135253.1,,,,,,,,,,,,,,,,,,,
NZ_LR135252.1,,,,,,,,,,,,,,,,,,,
NZ_LR135251.1,,,,,,,,,,,,,,,,,,,
NZ_LR135250.1,,,,,,,,,,,,,,,,,,,
NZ_LR135249.1,,,,,,,,,,,,,,,,,,,
NZ_LR135248.1,,,,,,,,,,,,,,,,,,,
NZ_LR135247.1,"vanA,vanH-A,vanR-A,vanS-A*,vanX-A,vanY-A,vanZ-A",ant(6)-Ia,erm(B)*,,,,,aph(3')-IIIa,,,,lnu(B),,,,,,,
NZ_LR135246.1,,,,,,,,,,,,,,,,,,,
NZ_LR135245.1,,,,,,,,,,,,,,,,,,,
NZ_LR135244.1,,,,,aac(6')-Ie/aph(2'')-Ia*,,,,,,,,,,,,,,
NZ_LR135269.1,,,,,,,,,,,,,,,,,,,
NZ_LR135268.1,,,,,,,,,,,,,,,,,,,
NZ_LR135267.1,,,,,,,,,,,,,,,,,,,
NZ_LR135266.1,,,,,,,,,,,,,,,,,,,
NZ_LR135265.1,,,,,,,,,,,,,,,,,,,
NZ_LR135264.1,,,,,,,,,,,,,,,,,,,
NZ_LR135263.1,,,,,,,,,,,,,,,,,,,
NZ_LR135262.1,,,,,,,,,,,,,,,,,,,
NZ_LR135261.1,,,,,,,,,,,,,,,,,,,
NZ_LR135260.1,,ant(6)-Ia,erm(B),,,,,aph(3')-IIIa,sat4,tet(M),,lnu(B),lsa(E),spw,,,,,
NZ_LR135259.1,,,,,,,,,,,,,,,,,,,
NZ_LR135202.1,,,,,,,,,,,,,,,,,,,
NZ_LR135201.1,,,,,,,,,,,,,,,,,,,
NZ_LR135200.1,"vanA*,vanH-A,vanR-A,vanS-A,vanX-A,vanY-A,vanZ-A^",,erm(B),,,,,,,,,,,,,,,,
NZ_LR135199.1,,,,,,,,,,,,,,,,,,,
NZ_LR135198.1,,,,,,,,,,,,,,,,,,,
NZ_LR135242.1,,,,,,,,,,,,,,,,,,,
NZ_LR135241.1,,,,,,,,,,,,,,,,,,,
NZ_LR135240.1,,,,,,,,,,,,,,,,,,,
NZ_LR135239.1,"vanA,vanH-A,vanR-A,vanS-A*,vanX-A,vanY-A,vanZ-A",ant(6)-Ia,erm(B)*,,,,,aph(3')-IIIa,,,,lnu(B),lsa(E)^,,,,,,
NZ_LR135238.1,,,,,,,,,,,,,,,,,,,
NZ_LR135237.1,,,,,,,,,,,,,,,,,,,
NZ_LR135236.1,,,,,aac(6')-Ie/aph(2'')-Ia*,,,,,,,,,,,,,,
NZ_LR135208.1,,,,,,,,,,,,,,,,,,,
NZ_LR135207.1,,,,,,,,,,,,,,,,,,,
NZ_LR135206.1,"vanH-A,vanR-A,vanS-A*,vanX-A,vanY-A,vanZ-A,vanA^",,,,,,,,,,,,,,,,,,
NZ_LR135204.1,,ant(6)-Ia,erm(B),,aac(6')-Ie/aph(2'')-Ia,,,aph(3')-IIIa,sat4,,,,,,,,,,
NZ_LR135477.1,"vanA*,vanH-A,vanR-A*,vanS-A,vanX-A,vanY-A*,vanZ-A",,erm(B),,,,,aph(3')-IIIa,,,,,,,,,,,
NZ_LR135476.1,,,,,aac(6')-Ie/aph(2'')-Ia*,,,,,,,,,,,,,,
NZ_LR135487.1,,,,,,,,,,,,,,,,,,,
NZ_LR135486.1,,,,,,,,,,,,,,,,,,,
NZ_LR135485.1,,,,,,,,,,,,,,,,,,,
NZ_LR135484.1,,ant(6)-Ia,erm(B),,,,,aph(3')-IIIa,sat4,"tet(L),tet(M)",,,,,,,,,
NZ_LR135483.1,,"ant(6)-Ia,ant(6)-Ia*",erm(B)*,,,,,aph(3')-IIIa^,,,,lnu(B),lsa(E),spw,,,,,
NZ_LR135442.1,,,,,,,,,,,,,,,,,,,
NZ_LR135441.1,,,,,,,,,,,,,,,,,,,
NZ_LR135440.1,,,,,,,,,,,,,,,,,,,
NZ_LR135439.1,,,,,,,,,,,,,,,,,,,
NZ_LR135438.1,,,,,,,,,,,,,,,,,,,
NZ_LR135437.1,,ant(6)-Ia,erm(B),,,,,aph(3')-IIIa,sat4,,,,,,,,,,
NZ_LR135436.1,,,,,,,,,,,,,,,,,,,
NZ_LR135234.1,,,,,,,,,,,,,,,,,,,
NZ_LR135233.1,,,,,,,,,,,,,,,,,,,
NZ_LR135232.1,,,,,,,,,,,,,,,,,,,
NZ_LR135231.1,,,,,,,,,,,,,,,,,,,
NZ_LR135230.1,"vanA,vanH-A,vanR-A,vanS-A*,vanX-A,vanY-A,vanZ-A",ant(6)-Ia,erm(B)*,,,,,aph(3')-IIIa,,,,lnu(B),lsa(E)^,,,,,,
NZ_LR135229.1,,,,,,,,,,,,,,,,,,,
NZ_LR135228.1,,,,,,,,,,,,,,,,,,,
NZ_LR135227.1,,,,,,,,,,,,,,,,,,,
NZ_LR135434.1,,,,,,,,,,,,,,,,,,,
NZ_LR135433.1,,,,,,,,,,,,,,,,,,,
NZ_LR135432.1,,,,,,,,,,,,,,,,,,,
NZ_LR135431.1,,,,,,,,,,,,,,,,,,,
NZ_LR135430.1,,,erm(B),,,,,,,,,,,,,,,,
NZ_LR135429.1,,ant(6)-Ia,erm(B),,aph(2'')-IVa,,,aph(3')-IIIa,sat4,,,lnu(B),lsa(E),,,,,,
NZ_LR135407.1,,,,,,,,,,,,,,,,,,,
NZ_LR135406.1,,,,,,,,,,,,,,,,,,,
NZ_LR135405.1,,,,,,,,,,,,,,,,,,,
NZ_LR135404.1,,,,,,,,,,,,,,,,,,,
NZ_LR135403.1,"vanB*,vanH-B*,vanR-B,vanS-B*,vanW-B*,vanX-B*,vanY-B*",ant(6)-Ia,erm(B),,,,,aph(3')-IIIa,sat4,,,,,,,,,,
NZ_LR135400.1,,,,,,,,,,,,,,,,,,,
NZ_LR135399.1,,,,,,,,,,,,,,,,,,,
NZ_LR135398.1,,,,,,,,,,,,,,,,,,,
NZ_LR135397.1,,,,,,,,,,,,,,,,,,,
NZ_LR135395.1,,,,,aac(6')-Ie/aph(2'')-Ia*,,,,,,,,,,,,,,
NZ_LR135418.1,,,,,,,,,,,,,,,,,,,
NZ_LR135417.1,,,,,,,,,,,,,,,,,,,
NZ_LR135416.1,,,,,,,,,,,,,,,,,,,
NZ_LR135415.1,,,,,aac(6')-Ie/aph(2'')-Ia*,,,,,,,,,,,,,,
NZ_LR135225.1,,,,,,,,,,,,,,,,,,,
NZ_LR135224.1,,,,,,,,,,,,,,,,,,,
NZ_LR135223.1,"vanA,vanH-A,vanR-A,vanS-A*,vanX-A,vanY-A,vanZ-A",,,,,,,,,,,,,,,,,,
NZ_LR135222.1,,,,,,,,,,,,,,,,,,,
NZ_LR135221.1,,ant(6)-Ia,erm(T)*,cat-TC^,,,,,,"tet(L),tet(M)",,,,,,,,,
NZ_LR135220.1,,,,,aac(6')-Ie/aph(2'')-Ia*,,,,,,,,,,,,,,
NZ_LR135371.1,,,,,,,,,,,,,,,,,,,
NZ_LR135370.1,,,,,,,,,,,,,,,,,,,
NZ_LR135369.1,,,,,,,,,,,,,,,,,,,
NZ_LR135368.1,,,,,,,,,,,,,,,,,,,
NZ_LR135367.1,,,,,,,,,,,,,,,,,,,
NZ_LR135366.1,,ant(6)-Ia,erm(B),,,,,aph(3')-IIIa,sat4,,,,,,,,,,
NZ_LR135365.1,,,,,aac(6')-Ie/aph(2'')-Ia*,,,,,,,,,,,,,,
NZ_LR135496.1,,,,,,,,,,,,,,,,,,,
NZ_LR135495.1,,,,,,,,,,,,,,,,,,,
NZ_LR135494.1,,,,,,,,,,,,,,,,,,,
NZ_LR135493.1,,,,,,,,,,,,,,,,,,,
NZ_LR135492.1,,,,,,,,,,,,,,,,,,,
NZ_LR135491.1,"vanA,vanH-A,vanR-A,vanS-A,vanX-A,vanY-A,vanZ-A",ant(6)-Ia,erm(B),,,,,,,,,,,,,,,,
NZ_LR135490.1,,,,,,,,,,,,,,,,,,,
NZ_LR135489.1,,,,,,,,,,,,,,,,,,,
NZ_LR135356.1,,,,,,,,,,,,,,,,,,,
NZ_LR135355.1,,,,,,,,,,,,,,,,,,,
NZ_LR135354.1,,,,,,,,,,,cfr(D),,,,,,,,
NZ_LR135353.1,"vanA,vanH-A,vanR-A,vanS-A*,vanX-A,vanY-A,vanZ-A",ant(6)-Ia,,catA,,,,,,,,,,,,,,,
NZ_LR135352.1,,,erm(B),,,,,,,,,,,,,,,,
NZ_LR135393.1,,,,,,,,,,,,,,,,,,,
NZ_LR135392.1,,,,,,,,,,,,,,,,,,,
NZ_LR135391.1,,,,,,,,,,,,,,,,,,,
NZ_LR135390.1,,,,,,,,,,,,,,,,,,,
NZ_LR135389.1,,,,,,,,,,,,,,,,,,,
NZ_LR135388.1,,,,,,,,,,,,,,,,,,,
NZ_LR135387.1,"vanB*,vanH-B*,vanR-B,vanS-B*,vanW-B*,vanX-B*,vanY-B*",ant(6)-Ia,erm(B),,,,,aph(3')-IIIa,sat4,,,,,,,,,,
NZ_LR135386.1,,,,,,,,,,,,,,,,,,,
NZ_LR135385.1,,,,,aac(6')-Ie/aph(2'')-Ia*,,,,,,,,,,,,,,
NZ_LR135413.1,,,,,,,,,,,,,,,,,,,
NZ_LR135412.1,,,,,,,,,,,,,,,,,,,
NZ_LR135411.1,,,,,,,,,,,,,,,,,,,
NZ_LR135410.1,"vanB*,vanH-B*,vanR-B,vanS-B*,vanW-B*,vanX-B*,vanY-B*",ant(6)-Ia,erm(B),,,,,aph(3')-IIIa,sat4,,,,,,,,,,
NZ_LR135409.1,,,,,aac(6')-Ie/aph(2'')-Ia*,,,,,,,,,,,,,,
NZ_LR135363.1,,,,,,,,,,,,,,,,,,,
NZ_LR135362.1,,,,,,,,,,,,,,,,,,,
NZ_LR135361.1,,,,,,,,,,,,,,,,,,,
NZ_LR135360.1,,,,,,,,,,,,,,,,,,,
NZ_LR135359.1,"vanB*,vanH-B,vanR-B,vanS-B*,vanW-B,vanX-B,vanY-B",,,,,,,,,,,,,,,,,,
NZ_LR135358.1,,,,,,,,,,,cfr(B)*,,,,,,,,
NZ_LR135330.1,,,,,,,,,,,,,,,,,,,
NZ_LR135329.1,,,,,,,,,,,,,,,,,,,
NZ_LR135327.1,,ant(6)-Ia,erm(B)*,,,,,aph(3')-IIIa,,"tet(L),tet(M)^",,lnu(B)^,lsa(E),,,,,,
NZ_LR135326.1,,,,,,,,,,,,,,,,,,,
NZ_LR135325.1,,,,,,,,,,,,,,,,,,,
NZ_LR135350.1,,,,,,,,,,,,,,,,,,,
NZ_LR135349.1,,,,,,,,,,,,,,,,,,,
NZ_LR135348.1,,,,,,,,,,,,,,,,,,,
NZ_LR135347.1,,,,,,,,,,,,,,,,,,,
NZ_LR135346.1,"vanA*,vanH-A,vanR-A,vanS-A,vanX-A",,erm(B)^,,,,,,,,,,,,,,,,
NZ_LR135345.1,,,,,,,,,,,,,,,,,,,
NZ_LR135323.1,,,,,,,,,,,,,,,,,,,
NZ_LR135322.1,,,,,,,,,,,,,,,,,,,
NZ_LR135321.1,,,,,,,,,,,,,,,,,,,
NZ_LR135320.1,,ant(6)-Ia,erm(B)*,,,,,aph(3')-IIIa,,"tet(L),tet(M)^",,lnu(B)^,lsa(E),,,,,,
NZ_LR135319.1,,,,,,,,,,,,,,,,,,,
NZ_LR135318.1,,,,,,,,,,,,,,,,,,,
NZ_LR135383.1,,,,,,,,,,,,,,,,,,,
NZ_LR135382.1,,,,,,,,,,,,,,,,,,,
NZ_LR135380.1,,,,,,,,,,,,,,,,,,,
NZ_LR135379.1,,,,,,,,,,,,,,,,,,,
NZ_LR135378.1,,,,,,,,,,,,,,,,,,,
NZ_LR135377.1,,,,,,,,,,,,,,,,,,,
NZ_LR135376.1,,,,,,,,,,,,,,,,,,,
NZ_LR135375.1,,,,,aac(6')-Ie/aph(2'')-Ia*,,,,,,,,,,,,,,
NZ_LR135374.1,"vanA*,vanH-A,vanR-A,vanS-A,vanX-A,vanY-A,vanZ-A",,erm(B),,,,,,,,,,,,,,,,
NZ_LR135373.1,,,,,,,,,,,,,,,,,,,
NZ_LR135184.1,,,,,,,,,,,,,,,,,,,
NZ_LR135183.1,,ant(6)-Ia,,,,,,,,"tet(L)*,tet(M)",,lnu(B),lsa(E),spw,,,,,
NZ_LR135182.1,,,,,,,,,,,,,,,,,,,
NZ_LR135180.1,"vanA,vanH-A,vanR-A,vanS-A,vanX-A,vanY-A,vanZ-A",,erm(B),,,,,,,,,,,,,,,,
NZ_LR135178.1,,,,,,,,,,,,,,,,,,,
NZ_LR135177.1,,,,,,,,,,,,,,,,,,,
NZ_LR135176.1,,,,,,,,,,,,,,,,,,,
NZ_LR135175.1,,,,,,,,,,,,,,,,,,,
NZ_LR135196.1,,,,,,,,,,,,,,,,,,,
NZ_LR135195.1,,,,,,,,,,,,,,,,,,,
NZ_LR135194.1,,,,,,,,,,,,,,,,,,,
NZ_LR135193.1,,,,,,,,,,,,,,,,,,,
NZ_LR135192.1,,,,,,,,,,,,,,,,,,,
NZ_LR135172.1,"vanA,vanH-A,vanR-A,vanS-A,vanX-A,vanY-A,vanZ-A",str^,,,,,,,,,,,,,,,,,
NZ_LR135171.1,,,,,,,,,,,,,,,,,,,
NZ_LR134113.1,,,,,,,,,,,,,,,,,,,
NZ_LR134112.1,,,,,,,,,,,,,,,,,,,
NZ_LR134111.1,,,,,,,,,,,,,,,,,,,
NZ_LR134110.1,,ant(6)-Ia,erm(B)*,cat-TC^,,,,,,,,,,,,,,,
NZ_LR134109.1,,,,,,,,,,,,,,,,,,,
NZ_LR134108.1,,,,,,,,,,,,,,,,,,,
NZ_LR134107.1,,,,,,,,,,,,,,,,,,,
NZ_LR134106.1,,,,,aac(6')-Ie/aph(2'')-Ia*,,,,,,,,,,,,,,
NZ_LR132068.1,"vanA,vanH-A,vanR-A,vanS-A,vanX-A,vanY-A,vanZ-A",,erm(B),,,,,,,,,,,,,,,,vat(D)
NZ_LR134097.1,,,,,,,,,,"tet(L),tet(M)",,,,,,,,,
NZ_LR134096.1,,,,,,,,,,,,,,,,,,,
NZ_LN999989.1,,ant(6)-Ia,erm(B),catA,,,,aph(3')-IIIa,sat4,,,,,,,,,,
NZ_LN999988.1,,,,,,,,,,,,,,,,,,,
NZ_LT598668.1,,,,,,,,,,,,,,,,,,,
NZ_LT598667.1,,,erm(B),,,,,,,,,,,,,,,,
NZ_LT598666.1,,,,,aac(6')-Ie/aph(2'')-Ia,,,,,,,,,,,,,,
NZ_LT598665.1,,,,,,,,,,,,,,,,,,,
NZ_LT598664.1,,,,,aac(6')-Ie/aph(2'')-Ia*,,,,,,,,,,,,,,
NZ_CP018069.1,,,,,,,,,,,,,,,,,,,
NZ_CP018068.1,,,,,,,,,,,,,,,,,,,
NZ_CP018067.1,,,,,,,,,,,,,,,,,,,
NZ_CP018066.1,,ant(6)-Ia,erm(B),,,,,aph(3')-IIIa,sat4,,,,,,,,,,
NZ_CP014535.1,,,,,,,,,,,,,,,dfrG,,,,
NZ_CP014534.1,,,,,,,,,,,,,,,,,,,
NZ_CP014533.1,,,,,,,,,,,,,,,,,,,
NZ_CP014532.1,,,,,,,,,,,,,,,,,,,
NZ_CP014531.1,"vanA,vanH-A,vanR-A,vanS-A,vanX-A,vanZ-A^",,,,,,,,,,,,,,,,,,
NZ_CP014530.1,,,,,,,,,,,,,,,,,,,
NZ_CP015123.1,,,,,,,,,,,,,,,,,,,
NZ_CP011285.1,,,,,,,,,,,,,,,,,,,
NZ_CP011284.1,"vanA*,vanH-A,vanR-A,vanS-A,vanX-A,vanY-A,vanZ-A",ant(6)-Ia*,erm(B),,,,,aph(3')-IIIa,sat4,,,,,,,,,,
NZ_CP011283.1,,,,,,,,,,,,,,,,,,,
NZ_CP011282.1,,,,,,,,,,,,,,,,,,,
NZ_CP013996.1,"vanA*,vanH-A,vanR-A,vanS-A,vanX-A,vanY-A*,vanZ-A",,erm(B)*,,,,,aph(3')-IIIa,,,,,,,,,,,
NZ_CP013995.1,,,,,,,,,,,,,,,,,,,
NZ_CP046079.1,,,,,,,,,,,,,,,,,,,
NZ_CP046078.1,"vanA*,vanH-A,vanR-A,vanS-A,vanX-A",,erm(B),,,,,,,,,,,,,,,,
NZ_CP046076.1,,,,,aac(6')-Ie/aph(2'')-Ia,,,,,"tet(L),tet(M)",,,,,,,,,
NZ_CP046075.1,,,,,,,,,,,,,,,,,,,
NZ_CP046074.1,,,,,,,,,,,,,,,,,,,
NZ_MT261365.1,,,,,,optrA*,fexA*,,,,,,,,,,,,
NZ_CP006031.1,,,,,,,,,,,,,,,,,,,
NZ_CP064349.1,,,,,,,,,,,,,,,,,,,
NZ_CP064347.1,,,,,,,,,,,,,,,,,,,
NZ_CP064346.1,"vanA*,vanH-A,vanR-A,vanS-A,vanX-A,vanY-A*,vanZ-A",,,,,,,,,,,,,,,,,,
NZ_CP064345.1,,,,,,,,,,tet(M)*,,,,,,,,,
NZ_CP064344.1,,,erm(B)*,,,,,,,,,,,,,,,,
NZ_MW207670.1,,,,,,optrA*,fexA*,,,,,,,,,,,,
NZ_MW207671.1,,,poxtA,,,,,,,"tet(L)*,tet(M)",,,,,,,,,
NZ_MW207668.1,,,poxtA,,,,,,,"tet(L),tet(M)",,,,,,,,,
NZ_MW207677.1,,,poxtA,,,,,,,"tet(L)*,tet(M)",,,,,,,,,
NZ_MW207676.1,,,poxtA,,,,,,,"tet(L)*,tet(M)",,,,,,,,,
NZ_MW207675.1,,ant(6)-Ia,erm(B),catA*,,optrA*,,aph(3')-IIIa,sat4,,,lnu(B),lsa(E),spw,,,,,
NZ_CP099980.1,,,,,,,,,,,,,,,,,,,
NZ_CP045603.1,,,,,,,,,,,,,,,,,,,
NZ_CP064053.1,,,,,,,,,,,,,,,,,,,
NZ_CP064052.1,,ant(6)-Ia,erm(B)*,,,,,aph(3')-IIIa,,,,lnu(B),,,,,,,
NZ_CP064051.1,,,,,,,,,,,,,,,,,,,
NZ_CP064050.1,,,,,,,,,,,,,,,,,,,
NZ_CP112865.1,"vanA*,vanH-A,vanR-A,vanS-A,vanX-A,vanY-A*,vanZ-A",ant(6)-Ia*,erm(B),,aac(6')-Ie/aph(2'')-Ia,,,,sat4,,,,,,,,,,
NZ_CP112864.1,,,,,,,,,,,,,,,,,,,
NZ_CP112863.1,,,,,,,,,,,,,,,,,,,
NC_010330.1,,,,,,,,,,,,,,,,,,,
NZ_CP110295.1,,,,cat-TC^,,,,,,"tet(L),tet(M)",,,,,,,,,
NZ_CP110361.1,,,"erm(B),poxtA",,,,,,,"tet(L)*,tet(M)",,,,,,,,,
NZ_CP096051.1,,"ant(6)-Ia,ant(6)-Ia^",erm(B),catA*,aac(6')-Ie/aph(2'')-Ia,optrA*,,aph(3')-IIIa,sat4,,,lnu(B),lsa(E),spw,dfrG,,,,
NZ_CP096052.1,,"ant(6)-Ia,ant(6)-Ia^",erm(B),,aac(6')-Ie/aph(2'')-Ia,optrA*,,aph(3')-IIIa,sat4,,,lnu(B),lsa(E),spw,,,,,
NZ_CP085905.1,,,,,,,,,,,,,,,,,,,
NZ_CP085904.1,,,,,,,,,,,,,,,,,,,
NZ_CP085903.1,,,,,,,,,,,,,,,,,,,
NZ_CP085902.1,,,,,,,,,,,,,,,,,,,
NZ_CP085901.1,,,,,,,,,,,,,,,,,,,
NZ_CP085900.1,,,,,,,,,,,,,,,,,,,
NZ_CP085899.1,,,,,,,,,,,,,,,,,,,
NZ_CP085898.1,,,,,,,,,,,,,,,,,,,
NZ_CP085897.1,,,,,,,,,,,,,,,,,,,
NZ_CP085896.1,"vanA,vanH-A,vanR-A,vanS-A,vanX-A,vanY-A,vanZ-A",,erm(B)*,,,,,aph(3')-IIIa,,,,,,,,,,,
NZ_CP085895.1,,,,,aac(6')-Ie/aph(2'')-Ia*,,,,,,,,,,,,,,
NZ_CP085917.1,,,,,,,,,,,,,,,,,,,
NZ_CP085916.1,,,,,,,,,,,,,,,,,,,
NZ_CP085915.1,,,,,,,,,,,,,,,,,,,
NZ_CP085914.1,,,,,,,,,,,,,,,,,,,
NZ_CP085912.1,,,,,,,,,,,,,,,,,,,
NZ_CP085911.1,,,,,,,,,,,,,,,,,,,
NZ_CP085910.1,,,,,,,,,,,,,,,,,,,
NZ_CP085909.1,,,,,,,,,,,,,,,,,,,
NZ_CP085908.1,"vanA,vanH-A*,vanR-A,vanS-A,vanX-A,vanY-A,vanZ-A",,erm(B)*,,,,,aph(3')-IIIa,,,,,,,,,,,
NZ_CP085907.1,,,,,aac(6')-Ie/aph(2'')-Ia*,,,,,,,,,,,,,,
NZ_CP038176.1,,ant(6)-Ia,"erm(B),poxtA*",,,,,aph(3')-IIIa,,"tet(L)*,tet(M)*",,,,,dfrG,,,,
NZ_CP028728.1,,,"erm(B),erm(B)*",,,optrA*,fexA*,aph(3')-IIIa,,,cfr,,,ant(9)-Ia,,,,,
NZ_CP091103.1,,ant(6)-Ia,erm(B),,aac(6')-Ie/aph(2'')-Ia,,,,sat4^,,,,,,,,,,
NZ_CP091102.1,,,erm(B),,,optrA*,fexA*,,,,,,,,,fosB3,,,
NZ_CP091101.1,,,poxtA,,,,,,,"tet(L)*,tet(M)",,,,,,,,,
NZ_CP068246.1,,,"erm(B),poxtA",,,,,,,"tet(L)*,tet(M)",,,,,dfrG,,,,vat(E)
NZ_CP068245.1,,"ant(6)-Ia,ant(6)-Ia^",erm(B),,aac(6')-Ie/aph(2'')-Ia,,,aph(3')-IIIa,sat4,,,lnu(B),lsa(E),spw,,,,,
NZ_CP033212.1,,,,,,,,,,,,,,,,,,,
NZ_CP033211.1,,,erm(B)*,,,,,aph(3')-IIIa,,,,,,,,,,,
NZ_CP033210.1,,,,,,,,,,,,,,,,,,,
NZ_CP033209.1,"vanA*,vanH-A,vanR-A,vanS-A,vanX-A,vanY-A*,vanZ-A",,,,,,,,,,,,,,,,,,
NZ_CP033208.1,,,,,,,,,,,,,,,,,,,
NZ_CP033207.1,,,,,,,,,,,,,,,,,,,
NZ_CP011831.1,,,,,,,,,,,,,,,,,,,
NZ_CP011830.1,,ant(6)-Ia,erm(B),,,,,aph(3')-IIIa*,sat4,"tet(L),tet(M)*",,,,,,,,,
NZ_CP011829.1,,,,,,,,,,,,,,,,,,,
NZ_AP026659.1,,,,,,,,,,,,,,,,,,,
NZ_AP026658.1,,,,,,,,,,,,,,,,,,,
NZ_AP026657.1,,,,,,,,,,,,,,,,,,,
NZ_AP026656.1,,,,,,,,,,,,,,,,,,,
NZ_AP026603.1,,ant(6)-Ia,erm(B),,,,,aph(3')-IIIa,sat4,,,,,,,,,,
NZ_AP026602.1,,,,,,,,,,,,,,,,,,,
NZ_AP026572.1,,,,,,,,,,,,,,,,,,,
NZ_AP026571.1,,,,,,,,,,,,,,,,,,,
NZ_AP026570.1,"vanA*,vanH-A,vanR-A,vanS-A,vanX-A,vanY-A,vanZ-A",ant(6)-Ia,erm(B),,,,,aph(3')-IIIa,sat4,,,,,,,,,,
NZ_AP026569.1,,,,,,,,,,,,,,,dfrG*,,,,
NZ_AP026568.1,,,,,,,,,,,,,,,,,,,
NZ_AP026567.1,,,,,,,,,,,,,,,,,,,
NZ_AP026670.1,,,,,,,,,,,,,,,,,,,
NZ_AP026669.1,,,,,,,,,,,,,,,,,,,
NZ_AP026667.1,,,,,,,,,,,,,,,,,,,
NZ_AP026616.1,,,,,,,,,,,,,,,,,,,
NZ_AP026615.1,,,,,,,,,,,,,,,,,,,
NZ_AP026614.1,,,,,,,,,,,,,,,,,,,
NZ_AP026613.1,"vanB,vanH-B,vanR-B*,vanS-B,vanW-B,vanX-B,vanY-B",ant(6)-Ia^,erm(B)*,,,,,,,,,,,,,,,,
NZ_AP026611.1,,,,,,,,,,,,,,,,,,,
NZ_AP026610.1,,,,,,,,,,,,,,,,,,,
NZ_AP026609.1,,,erm(B)*,,,,,aph(3')-IIIa,,,,,,,,,,,
NZ_AP026608.1,"vanA*,vanH-A,vanR-A,vanS-A,vanX-A,vanY-A,vanZ-A",,,,,,,,,,,,,,,,,,
NZ_AP026607.1,,,,,,,,,,,,,,,,,,,
NZ_AP026606.1,,,,,,,,,,,,,,,,,,,
NZ_AP026605.1,,,,,,,,,,,,,,,,,,,
NZ_AP026665.1,,,,,,,,,,,,,,,,,,,
NZ_AP026664.1,,,,,,,,,,,,,,,,,,,
NZ_AP026663.1,,,,,,,,,,,,,,,,,,,
NZ_AP026661.1,,,,,,,,,,,,,,,,,,,
NZ_CP083180.1,,,,,,,,,,,,,,,,,,,
NZ_CP027505.1,"vanA*,vanH-A,vanR-A,vanS-A,vanX-A,vanY-A*,vanZ-A",,erm(B)*,,,,,,,,,,,,,,,,
NZ_CP027504.1,,ant(6)-Ia,,,,,,aph(3')-IIIa,sat4,tet(S),,,,,,,,,
NZ_CP027503.1,,,,,,,,,,,,,,,,,,,
NZ_CP027502.1,,,,,,,,,,,,,,,,,,,
NZ_CP027511.1,,,,,,,,,,,,,,,,,,,
NZ_CP027510.1,"vanA*,vanH-A,vanR-A,vanS-A,vanX-A,vanY-A*,vanZ-A",ant(6)-Ia,erm(B),,,,,aph(3')-IIIa,sat4,,,,,,,,,,
NZ_CP027509.1,,ant(6)-Ia,erm(B)*,,,,,aph(3')-IIIa,,,,,,,,,,,
NZ_CP027508.1,,,,,,,,,,,,,,,,,,,
NZ_CP027507.1,,,,,,,,,,,,,,,,,,,
NZ_CP027500.1,"vanA,vanH-A,vanR-A,vanS-A,vanX-A,vanY-A*",,erm(B)*,,,,,aph(3')-IIIa,,,,,,,,,,,
NZ_CP027499.1,,,,,,,,,,,,,,,,,,,
NZ_CP027498.1,,,,,aac(6')-Ie/aph(2'')-Ia*,,,,,,,,,,,,,,
NZ_CP027519.1,"vanA,vanH-A,vanR-A,vanS-A,vanX-A,vanY-A,vanZ-A",ant(6)-Ia,erm(B),catA,,,,,,,,,,,,,,,
NZ_CP027518.1,,,,,aac(6')-Ie/aph(2'')-Ia*,,,,,,,,,,,,,,
NZ_CP027516.1,"vanA*,vanH-A,vanR-A,vanS-A,vanX-A,vanY-A*,vanZ-A",ant(6)-Ia,erm(B),,,,,aph(3')-IIIa,sat4,,,,,,,,,,
NZ_CP027515.1,,,,,,,,,,,,,,,,,,,
NZ_CP027514.1,,,,,,,,,,,,,,,,,,,
NZ_CP027513.1,,,,,aac(6')-Ie/aph(2'')-Ia*,,,,,,,,,,,,,,
NZ_CP025756.1,,,,,aac(6')-Ie/aph(2'')-Ia*,,,,,,,,,,,,,,
NZ_CP025755.1,"vanA*,vanH-A,vanR-A,vanS-A,vanX-A,vanY-A,vanZ-A",ant(6)-Ia*,erm(B),,,,,aph(3')-IIIa,sat4,,,,,,,,,,
NZ_CP023800.1,,,,,,,,,,,,,,,,,,,
NZ_CP023793.1,,,,,,,,,,,,,,,,,,,
NZ_CP023792.1,,,,,,,,,,,,,,,,,,,
NZ_CP023791.1,"vanA*,vanH-A,vanR-A,vanS-A,vanX-A,vanY-A,vanZ-A",ant(6)-Ia*,erm(B),,,,,aph(3')-IIIa,sat4,,,,,,,,,,
NZ_CP023790.1,,,,,,,,,,,,,,,,,,,
NZ_CP023785.1,,,,,,,,,,,,,,,,,,,
NZ_CP023812.1,,,,,,,,,,,,,,,,,,,
NZ_CP023811.1,,,,,,,,,,,,,,,,,,,
NZ_CP023809.1,,,,,,,,,,,,,,,,,,,
NZ_CP023805.1,,,,,,,,,,,,,,,,,,,
NZ_CP023798.1,,,,,,,,,,,,,,,,,,,
NZ_CP023795.1,,,,,,,,,,,,,,,,,,,
NZ_CP025427.1,"vanA,vanH-A,vanR-A,vanS-A,vanX-A,vanY-A,vanZ-A",ant(6)-Ia,erm(B)*,,,,,aph(3')-IIIa,,,,,,,,,,,
NZ_CP025426.1,,,,,aac(6')-Ie/aph(2'')-Ia*,,,,,,,,,,,,,,
NZ_AP026779.1,,,,,,,,,,,,,,,,,,,
NZ_AP026778.1,,,,,,,,,,,,,,,,,,,
NZ_AP026777.1,,,,,,,,,,,,,,,,,,,
NZ_AP026776.1,,,erm(B),catA,,,,,,"tet(L),tet(M)",,,,,,,,,
NZ_AP026775.1,"vanA*,vanH-A,vanR-A*,vanS-A,vanX-A,vanY-A*,vanZ-A",,,,,,,,,,,,,,,,,,
NZ_AP026774.1,,,,,aac(6')-Ie/aph(2'')-Ia*,,,,,,,,,,,,,,
NZ_AP026773.1,"vanA*,vanH-A,vanR-A,vanS-A*,vanY-A*,vanX-A*,vanZ-A^",,"erm(B),poxtA2",,,,fexA*,,,,cfr(D)*,,,,,fosB3,,,
NZ_CP109842.1,,,,,,,,,,,,,,,,,,,
NZ_CP109841.1,,"ant(6)-Ia,ant(6)-Ia^",erm(B),,aac(6')-Ie/aph(2'')-Ia,,,aph(3')-IIIa,sat4,,,lnu(B),lsa(E),spw,,,,,
NZ_CP109840.1,,,erm(B),,,optrA*,fexA*,,,,,,,,,,,,
NZ_CP109838.1,,,"erm(B),poxtA",,,,,,,"tet(M),tet(L)^",,,,,dfrG,,,,vat(E)
NZ_CP109800.1,,"ant(6)-Ia,ant(6)-Ia^",erm(B),,aac(6')-Ie/aph(2'')-Ia,,,aph(3')-IIIa,sat4,,,lnu(B),lsa(E),spw,dfrG,,,,
NZ_CP109799.1,,,"poxtA,poxtA^",,,,,,,"tet(L)*,tet(M)",,,,,,,,,
NZ_CP027401.1,,,,,,,,,,tet(M),,,,,,,,,
NZ_CP044273.1,,,,,aac(6')-Ie/aph(2'')-Ia*,,,,,,,,,,,,,,
NZ_CP044272.1,,,,,,,,,,,,,,,,,,,
NZ_CP044271.1,,,,,,,,,,,,,,,,,,,
NZ_CP044270.1,,,,,,,,,,,,,,,,,,,
NZ_CP044269.1,,,,,,,,,,,,,,,,,,,
NZ_CP044268.1,,,,,,,,,,,,,,,,,,,
NZ_CP044267.1,,,,,,,,,,,,,,,,,,,
NZ_CP044266.1,"vanA*,vanH-A,vanR-A,vanS-A*,vanX-A,vanY-A,vanZ-A",,,,aac(6')-Ie/aph(2'')-Ia*,,,,,,,,,,,,,,
NZ_CP044265.1,,,,,aac(6')-Ie/aph(2'')-Ia*,,,,,,,,,,,,,,
NZ_CP044282.1,,,,,,,,,,,,,,,,,,,
NZ_CP044281.1,,,,,,,,,,,,,,,,,,,
NZ_CP044280.1,,,,,,,,,,,,,,,,,,,
NZ_CP044279.1,,,,,,,,,,,,,,,,,,,
NZ_CP044278.1,,,,,,,,,,,,,,,,,,,
NZ_CP044277.1,,,,,,,,,,,,,,,,,,,
NZ_CP044276.1,"vanA,vanH-A,vanR-A,vanS-A,vanX-A,vanY-A,vanZ-A",ant(6)-Ia,erm(B),,,,,aph(3')-IIIa,sat4,,,,,,,,,,
NZ_CP044275.1,,,,,,,,,,,,,,,,,,,
NZ_CP059783.1,,,,,,,,,,,,,,,,,,,
NZ_CP059773.1,,,"erm(B),erm(B)*",,aac(6')-Ie/aph(2'')-Ia*,,,,,,,,,,,,,,
NZ_CP059780.1,,,,,,,,,,,,,,,,,,,
NZ_CP059779.1,,,,,,,,,,,,,,,,,,,
NZ_CP059781.1,,,,,,,,,,,,,,,,,,,
NZ_CP059776.1,,,,,,,,,,,,,,,,,,,
NZ_CP059775.1,,,,,,,,,,tet(S),,,,,,,,,
NZ_CP059782.1,,,,,,,,,,,,,,,,,,,
NZ_CP083929.1,,,,,,,,,,,,,,,,,,,
NZ_CP083928.1,,,,,,,,,,,,,,,,,,,
NZ_CP083927.1,,,,,,,,,,,,,,,,,,,
NZ_CP083926.1,,,,,,,,,,,,,,,,,,,
NZ_CP083925.1,,,,,,,,,,,,,,,,,,,
NZ_CP083924.1,,,,,,,,,,,,,,,,,,,
NZ_CP083923.1,,,,,,,,,,,,,,,,,,,
NZ_CP083922.1,"vanA,vanH-A,vanR-A,vanS-A,vanX-A,vanY-A,vanZ-A",ant(6)-Ia,erm(B),catA,,,,,,,,,,,,,,,
NZ_CP083921.1,,,,,aac(6')-Ie/aph(2'')-Ia*,,,,,,,,,,,,,,
NZ_CP083919.1,,,,,,,,,,,,,,,,,,,
NZ_CP083917.1,,,,,,,,,,,,,,,,,,,
NZ_CP083916.1,,,,,,,,,,,,,,,,,,,
NZ_CP083914.1,"vanA,vanH-A,vanR-A,vanS-A,vanX-A,vanY-A,vanZ-A",ant(6)-Ia,erm(B),catA,,,,,,,,,,,,,,,
NZ_CP083913.1,,,,,aac(6')-Ie/aph(2'')-Ia*,,,,,,,,,,,,,,
NZ_CP083476.1,,,,,,,,,,,,,,,,,,,
NZ_CP083475.1,"vanA,vanH-A,vanR-A,vanS-A,vanX-A,vanY-A,vanZ-A*",,erm(B)*,,,,,aph(3')-IIIa,,,,,,,,,,,
NZ_CP083474.1,,,,,,,,,,,,,,,,,,,
NZ_AP024836.1,,,,,,,,,,,,,,,,,,,
NZ_AP024835.1,,,,,,,,,,,,,,,,,,,
NZ_AP024834.1,,,,,,,,,,,,,,,,,,,
NZ_AP024833.1,,,,,,,,,,tet(M),,,,,,,,,
NZ_AP024832.1,,,,,,,,,,,,,,,,,,,
NZ_AP024843.1,,,,,,,,,,,,,,,,,,,
NZ_AP024842.1,,,,,,,,,,,,,,,,,,,
NZ_AP024841.1,,,,,,,,,,,,,,,,,,,
NZ_AP024840.1,,,,,,,,,,,,,,,,,,,
NZ_AP024839.1,,,,,,,,,,tet(M),,,,,,,,,
NZ_AP024838.1,,ant(6)-Ia,erm(B)*,,,,,,,,,,,,,,,,
NZ_CP042835.1,,,,,,,,,,,,,,,,,,,
NZ_CP042833.1,,,,,,,,,,,,,,,,,,,
NZ_MT501398.1,,,,,,,,,,,,,,,,,,,
NZ_MT074686.1,,"ant(6)-Ia,ant(6)-Ia^",erm(B),,aac(6')-Ie/aph(2'')-Ia,,,aph(3')-IIIa,"emtA*,sat4",,,lnu(B),lsa(E),spw,dfrG,,,,
NZ_MT074684.1,,,poxtA,,,,,,,,,,,,,,,,
NZ_MT074685.1,,,poxtA,,,,,,,,,,,,,,,,
NZ_MN831413.1,,,erm(B),,,optrA*,,,,,cfr(D),,,,,,,,
NZ_MN831411.1,,,poxtA,,,,,,,"tet(L)*,tet(M)",,,,,,,,,
NZ_MK465703.1,,"ant(6)-Ia,ant(6)-Ia^",erm(B),catA*,aac(6')-Ie/aph(2'')-Ia,,,aph(3')-IIIa,sat4,"tet(L),tet(M)",,lnu(B),lsa(E),spw,dfrG*,,,,
NZ_MK465704.1,,"ant(6)-Ia,ant(6)-Ia^","erm(B),erm(B)*",,aac(6')-Ie/aph(2'')-Ia,optrA*,fexA*,aph(3')-IIIa,sat4,"tet(L),tet(M)",,lnu(B),lsa(E),spw,dfrG*,,,,
NZ_CP041258.1,,ant(6)-Ia,erm(B)*,,,,,aph(3')-IIIa,,,,lnu(B),,,,,,,
NZ_CP041256.1,,,,,,,,,,,,,,,,,,,
NZ_CP041255.1,,,,,,,,,,,,,,,,,,,
NZ_CP041254.1,,,,,,,,,,,,,,,,,,,
NZ_CP074110.1,"vanA,vanH-A,vanR-A,vanS-A,vanX-A,vanY-A,vanZ-A",,,,,,,,,,,,,,,,,,
NZ_CP074106.1,"vanA,vanH-A,vanR-A,vanS-A,vanX-A,vanY-A,vanZ-A",,,,,,,,,,,,,,,,,,
NZ_CP074108.1,"vanA,vanH-A,vanR-A,vanS-A,vanX-A,vanY-A,vanZ-A",,,,,,,,,,,,,,,,,,
NC_020554.1,,,,,,,,,,,,,,,,,,,
NC_015849.1,,,,,,,,,,,,,,,,,,,
NC_013317.1,"vanA*,vanH-A,vanR-A,vanS-A,vanX-A,vanY-A*,vanZ-A",,,,,,,,,,,,,,,,,,
NC_010291.1,,,,,,,,,,,,,,,,,,,
NC_010290.1,,,,,,,,,,,,,,,,,,,
AP026654.1,,,,,,,,,,,,,,,,,,,
AP026653.1,,,erm(B)*,,,,,aph(3')-IIIa,,tet(L),,,,,,,,,
AP026652.1,,,,,,,,,,,,,,,,,,,
AP026651.1,,,,,,,,,,tet(M)*,,,,,,,,,
AP026649.1,,,,,,,,,,,,,,,,,,,
AP026648.1,,,,,,,,,,,,,,,,,,,
AP026647.1,,,,,,,,,,,,,,,,,,,
AP026646.1,,,,,,,,,,,,,,,,,,,
AP026645.1,,,erm(B)*,,,,,aph(3')-IIIa,,,,,,,,,,,
AP026644.1,,,,,,,,,,,,,,,,,,,
AP026643.1,,,,,,,,,,,,,,,,,,,
AP026642.1,"vanB,vanH-B,vanR-B*,vanS-B*,vanW-B*,vanX-B,vanY-B",,,,,,,,,,,,,,,,,,
AP026640.1,,,,,,,,,,,,,,,,,,,
AP026639.1,,,,,,,,,,,,,,,,,,,
AP026638.1,,,,,,,,,,,,,,,,,,,
AP026637.1,,,,,,,,,,,,,,,,,,,
AP026636.1,"vanA*,vanH-A,vanR-A,vanS-A,vanX-A,vanY-A*,vanZ-A",ant(6)-Ia,erm(B)*,,,,,aph(3')-IIIa,sat4,,,,,,,,,,
AP026635.1,,,,,,,,,,,,,,,,,,,
AP026634.1,,,,,,,,,,,,,,,,,,,
AP026633.1,,,,,,,,,,,,,,,,,,,
AP026631.1,,,,,,,,,,,,,,,,,,,
AP026630.1,"vanA,vanH-A,vanR-A,vanS-A,vanX-A,vanY-A,vanZ-A",,erm(A),,,,,,,,,,,ant(9)-Ia,,,,,
AP026629.1,,,,,,,,,,,,,,,,,,,
AP026627.1,,,,,,,,,,,,,,,,,,,
AP026626.1,,,,,,,,,,,,,,,,,,,
AP026625.1,,,,,,,,,,,,,,,,,,,
AP026624.1,,,,,,,,,,,,,,,,,,,
AP026623.1,,,,,,,,,,,,,,,,,,,
AP026622.1,,,,,,,,,,,,,,,,,,,
AP026621.1,,,erm(B)*,,,,,aph(3')-IIIa,,tet(L),,,,,,,,,
AP026620.1,,,,,,,,,,,,,,,,,,,
AP026619.1,,,,,,,,,,,,,,,,,,,
AP026618.1,"vanB,vanH-B,vanR-B*,vanS-B,vanW-B,vanX-B,vanY-B",ant(6)-Ia^,erm(B)^,,,,,,,,,,,,,,,,
AP026600.1,,,,,,,,,,,,,,,,,,,
AP026599.1,,,,,,,,,,,,,,,,,,,
AP026598.1,,,,,,,,,,,,,,,,,,,
AP026597.1,,,,,,,,,,,,,,,,,,,
AP026596.1,"vanA,vanH-A,vanR-A,vanS-A,vanX-A,vanY-A,vanZ-A",,erm(B),,,,,,,,,,,,,,,,
AP026595.1,,,,,,,,,,,,,,,,,,,
AP026594.1,,,,,,,,,,,,,,,,,,,
AP026592.1,,,,,,,,,,,,,,,,,,,
AP026591.1,,,,,,,,,,,,,,,,,,,
AP026590.1,,,,,,,,,,,,,,,,,,,
AP026589.1,"vanA,vanH-A,vanR-A,vanS-A,vanX-A,vanY-A,vanZ-A",,erm(B)*,,,,,,,,,,,,,,,,
AP026588.1,,,,,,,,,,,,,,,,,,,
AP026587.1,,,,,,,,,,,,,,,,,,,
AP026585.1,,,,,,,,,,,,,,,,,,,
AP026584.1,,,,,,,,,,,,,,,,,,,
AP026583.1,,,,,,,,,,,,,,,,,,,
AP026582.1,"vanA,vanH-A,vanR-A*,vanS-A*,vanX-A,vanY-A,vanZ-A",,erm(B),,,,,,,,,,,,,,,,
AP026581.1,,,erm(B),,,,,,,tet(M),,,,,dfrF,,,,
AP026580.1,,,,,,,,,,,,,,,,,,,
AP026578.1,,,,,,,,,,,,,,,,,,,
AP026577.1,"vanA*,vanH-A,vanR-A,vanS-A,vanX-A,vanY-A,vanZ-A",ant(6)-Ia,erm(B),,,,,aph(3')-IIIa,sat4,,,,,,,,,,
AP026576.1,,,,,,,,,,,,,,,dfrG,,,,
AP026574.1,,,,,,,,,,,,,,,,,,,
NZ_CP058895.1,,,,,aac(6')-Ie/aph(2'')-Ia*,,,,,,,,,,,,,,
NZ_CP058894.1,,,,,,,,,,,,,,,,,,,
NZ_CP058893.1,"vanA,vanH-A,vanH-M,vanM*,vanR-A,vanR-M,vanS-A,vanS-M,vanX-A,vanX-A^",,erm(B)*,,,,,aph(3')-IIIa,,,,,,,,,,,
NZ_CP058892.1,,,,,,,,,,,,,,,,,,,
NZ_CP091226.1,,,,,,,,,,"tet(L),tet(M)",,,,,,,,,
NZ_CP091225.1,,,poxtA,,,,,,,,,,,,,,,,
NZ_CP091209.1,,,poxtA,,,,,,,,,,,,,,,,
NZ_CP091208.1,,,,,,,,,,"tet(L),tet(S)",,,,,,,,,
NZ_CP091207.1,,,,,,,,,,,,,,,,,,,
NZ_CP091216.1,,,poxtA,,,,,,,"tet(L)*,tet(M)",,,,,,,,,
NZ_CP091215.1,,,,,,,,,,,,,,,,,,,
NZ_CP097026.1,,,,,,,,,,"tet(L),tet(M)",,,,,,,,,
NZ_CP097025.1,,ant(6)-Ia,erm(B),catA,,,,aph(3')-IIIa,sat4,,,,,,,,,,
NZ_CP097024.1,,,poxtA,,,,,,,,,,,,,,,,
NZ_CP097023.1,,,,,,,,,,,,,,,,,,,
CP063638.1,,,,,,,,,,,,,,,,,,,
CP063637.1,,,,,,,,,,,,,,,,,,,
CP063636.1,,,,,,,,,,,,,,,,,,,
CP063635.1,,,erm(B),,,,,,,,,,,,,,,,
CP063634.1,,,,,,,,,,,,,,,,,,,
CP063632.1,,,,,,,,,,,,,,,,,,,
CP063631.1,,,,,,,,,,,,,,,,,,,
CP063629.1,,,,,,,,,,,,,,,,,,,
CP063628.1,,,erm(B),,,,,,,,,,,,,,,,
CP063627.1,,,,,,,,,,,,,,,,,,,
CP063597.1,,,,,,,,,,,,,,,,,,,
CP063596.1,,,,,,,,,,,,,,,,,,,
CP063595.1,"vanA*,vanH-A,vanR-A,vanS-A,vanX-A,vanY-A*,vanZ-A",,,,,,,,,,,,,,,,,,
CP063594.1,,,,,aac(6')-Ie/aph(2'')-Ia*,,,,,,,,,,,,,,
CP063585.1,,,,,,,,,,,,,,,,,,,
CP063584.1,,,,,,,,,,,,,,,,,,,
CP063583.1,,,,,,,,,,,,,,,,,,,
CP063582.1,,,erm(B),catA,,,,,,"tet(L),tet(M)",,,,,,,,,
CP063581.1,,,,,,,,,,,,,,,,,,,
CP063580.1,"vanB*,vanH-B*,vanR-B,vanS-B*,vanW-B*,vanX-B*,vanY-B*",,,,,,,,,,,,,,,,,,
CP063573.1,,,,,,,,,,,,,,,,,,,
CP063572.1,,,erm(B),,,,,,,,,,,,,,,,
CP063571.1,,,,,,,,,,,,,,,,,,,
CP063570.1,"vanA*,vanH-A,vanR-A,vanS-A,vanX-A,vanY-A*,vanZ-A",,,,,,,,,,,,,,,,,,
CP063569.1,,,,,aac(6')-Ie/aph(2'')-Ia*,,,,,,,,,,,,,,
CP063567.1,,,,,,,,,,,,,,,,,,,
CP063566.1,,,,,,,,,,,,,,,,,,,
CP063565.1,,,,,,,,,,,,,,,,,,,
CP063564.1,,,erm(B),,,,,,,,,,,,,,,,
CP063563.1,,,,,,,,,,,,,,,,,,,
CP063646.1,,,,,,,,,,,,,,,,,,,
CP063645.1,,,,,,,,,,,,,,,,,,,
CP063643.1,,,,,,,,,,,,,,,,,,,
CP063642.1,,,,,,,,,,,,,,,,,,,
CP063641.1,,,erm(B)*,catA,,,,,,"tet(L),tet(M)",,,,,,,,,
CP063640.1,,,,,,,,,,,,,,,,,,,
CP063625.1,,,,,,,,,,,,,,,,,,,
CP063624.1,,,,,,,,,,,,,,,,,,,
CP063623.1,,,,,,,,,,,,,,,,,,,
CP063622.1,,,,,,,,,,,,,,,,,,,
CP063621.1,,ant(6)-Ia,erm(B)*,,,,,aph(3')-IIIa,,,,lnu(B)^,lsa(E),,,,,,
CP063620.1,,,,,,,,,,,,,,,,,,,
CP063619.1,,,,,,,,,,,,,,,,,,,
CP063617.1,,,,,,,,,,,,,,,,,,,
CP063616.1,,,,,,,,,,,,,,,,,,,
CP063614.1,,,,,,,,,,,,,,,,,,,
CP063613.1,,,erm(B),,,,,,,,,,,,,,,,
CP063612.1,,,,,,,,,,,,,,,,,,,
CP063650.1,,,erm(B),,,,,,,,,,,,,,,,
CP063649.1,,,,,,,,,,,,,,,,,,,
CP063648.1,"vanA*,vanH-A,vanR-A,vanS-A,vanX-A,vanY-A*,vanZ-A",,,,,,,,,,,,,,,,,,
CP063610.1,,,,,,,,,,,,,,,,,,,
CP063609.1,,ant(6)-Ia,erm(B),,,,,aph(3')-IIIa,sat4,,,,,,,,,,
CP063608.1,"vanA*,vanH-A,vanR-A,vanS-A,vanX-A,vanY-A*,vanZ-A",,,,,,,,,,,,,,,,,,
CP063607.1,,,,catA,aac(6')-Ie/aph(2'')-Ia,,,,,,,,,,,,,,
CP063606.1,,,,,,,,,,,,,,,,,,,
CP063605.1,,,,,,,,,,,,,,,,,,,
CP063603.1,,,,,,,,,,,,,,,,,,,
CP063602.1,,,,catA,aac(6')-Ie/aph(2'')-Ia,,,,,,,,,,,,,,
CP063601.1,"vanA*,vanH-A,vanR-A,vanS-A,vanX-A,vanY-A*,vanZ-A",,,,,,,,,,,,,,,,,,
CP063600.1,,,,,,,,,,,,,,,,,,,
CP063599.1,,,,,,,,,,,,,,,,,,,
CP063592.1,,,,,,,,,,,,,,,,,,,
CP063591.1,,,,,,,,,,,,,,,,,,,
CP063590.1,"vanA*,vanH-A,vanR-A,vanS-A,vanX-A,vanY-A*",,,,,,,,,,,,,,,,,,
CP063589.1,,ant(6)-Ia,erm(B),,,,,aph(3')-IIIa,sat4,,,,,,,,,,
CP063588.1,,,,,,,,,,,,,,,,,,,
CP063587.1,,ant(6)-Ia,,,aac(6')-Ie/aph(2'')-Ia,,,aph(3')-IIIa,sat4,,,,,,,,,,
CP063578.1,,,,,,,,,,,,,,,,,,,
CP063577.1,,ant(6)-Ia,erm(B)^,,,,,aph(3')-IIIa,,,,lnu(B),,,,,,,
CP063576.1,"vanA*,vanH-A,vanR-A,vanS-A,vanX-A,vanY-A*,vanZ-A",,,,,,,,,,,,,,,,,,
CP063575.1,,,,,aac(6')-Ie/aph(2'')-Ia*,,,,,,,,,,,,,,
CP063561.1,,,,,,,,,,,,,,,,,,,
CP063560.1,,,,,,,,,,,,,,,,,,,
CP063559.1,,ant(6)-Ia,erm(B),,,,,aph(3')-IIIa,sat4,,,,,,,,,,
CP063558.1,"vanA*,vanH-A,vanR-A,vanS-A,vanX-A,vanY-A*",,,,,,,,,,,,,,,,,,
CP063557.1,,,,,,,,,,,,,,,,,,,
CP063556.1,,ant(6)-Ia,,,aac(6')-Ie/aph(2'')-Ia,,,aph(3')-IIIa,sat4,,,,,,,,,,
CP063554.1,,,,,,,,,,,,,,,,,,,
CP063553.1,"vanA*,vanH-A,vanR-A,vanX-A,vanY-A*,vanZ-A,vanS-A^",,,,,,,,,,,,,,,,,,
CP063552.1,,ant(6)-Ia,erm(B)*,,,,,aph(3')-IIIa,,,,lnu(B)^,,,,,,,
CP063551.1,,,,,,,,,,,,,,,,,,,
CP063550.1,,,,,,,,,,,,,,,,,,,
CP063548.1,,,,,,,,,,,,,,,,,,,
CP063547.1,,,,,,,,,,,,,,,,,,,
CP063546.1,,,erm(B),catA,,,,,,"tet(L),tet(M)",,,,,,,,,
CP063545.1,,,,,,,,,,,,,,,,,,,
CP063544.1,,,,,,,,,,,,,,,,,,,
CP063543.1,"vanB*,vanH-B*,vanR-B,vanS-B*,vanW-B*,vanX-B*,vanY-B*",,,,,,,,,,,,,,,,,,
CP063541.1,,,,,,,,,,,,,,,,,,,
CP063540.1,,ant(6)-Ia,erm(B)*,,,,,aph(3')-IIIa,,,,lnu(B),,,,,,,
CP063539.1,"vanA*,vanH-A,vanR-A,vanS-A,vanX-A,vanY-A*,vanZ-A",,,,,,,,,,,,,,,,,,
CP063538.1,,,,,aac(6')-Ie/aph(2'')-Ia*,,,,,,,,,,,,,,
CP063288.1,,,,,,,,,,,,,,,,,,,
CP063287.1,,,erm(B)*,,,,,aph(3')-IIIa,,,,,,,,,,,
CP063286.1,,,,,,,,,,,,,,,,,,,
CP063285.1,"vanB*,vanH-B*,vanR-B,vanS-B*,vanW-B*,vanX-B*,vanY-B*",,,,,,,,,,,,,,,,,,
CP063284.1,,,,,aac(6')-Ie/aph(2'')-Ia*,,,,,,,,,,,,,,
CP081503.1,,ant(6)-Ia,"erm(B),poxtA",,aac(6')-Ie/aph(2'')-Ia*,,,aph(3')-IIIa,sat4,"tet(L)*,tet(M)",,lnu(B),lsa(E),spw,dfrE,,,,
CP066211.1,,,,,,,,,,,,,,,,,,,
CP066210.1,,,,,,,,,,,,,,,,,,,
CP066209.1,"vanA*,vanH-A,vanR-A,vanS-A,vanX-A,vanY-A,vanZ-A",,erm(B),,,,,,,,,,,,,,,,
CP066208.1,,,poxtA,catA,,,,,,"tet(L),tet(M)",,,,,,,,,
CP066207.1,,,,,,,,,,,,,,,,,,,
CP066206.1,,,,,,,,,,,,,,,,,,,
CP065765.1,,,,,,,,,,,,,,,,,,,
CP066213.1,,,,,,,,,,,,,,,,,,,
CP071275.1,,,,,,,,,,,,,,,,,,,
CP071274.1,"vanA,vanH-A,vanR-A,vanS-A,vanX-A,vanY-A*",,erm(B)*,,,,,aph(3')-IIIa,,,,,,,,,,,
CP071273.1,,,,,,,,,,,,,,,,,,,
CP071272.1,,,,,,,,,,,,,,,,,,,
CP064291.1,,ant(6)-Ia*,erm(B),,,,,,,,,,,,,,,,
CP064290.1,,,,,,,,,,,,,,,,,,,
CP064289.1,,,,,,,,,,,,,,,,,,,
CP064288.1,,,,,,,,,,,,,,,,,,,
CP064287.1,,,,,,,,,,,,,,,,,,,
CP064286.1,"vanA*,vanH-A,vanR-A,vanS-A,vanX-A,vanY-A*,vanZ-A",,,,,,,,,,,,,,,,,,
CP064285.1,,,,,,,,,,,,,,,,,,,
CP064284.1,,,,,,,,,,,,,,,,,,,
CP064283.1,,,,,,,,aph(3')-IIIa,sat4,,,,,,,,,,
CP064282.1,,,,,,,,,,,,,,,,,,,
CP064281.1,"vanR-A,vanS-A^",,,,,,,,,,,,,,,,,,
CP064280.1,,,,,,,,,,,,,,,,,,,
LR135190.1,,,,,,,,,,,,,,,,,,,
LR135189.1,,,,,,,,,,,,,,,,,,,
LR135188.1,,,,,,,,,,,,,,,,,,,
LR135187.1,,,,,,,,,,,,,,,,,,,
LR135186.1,,ant(6)-Ia,erm(B),,,,,aph(3')-IIIa,sat4,,,,,,,,,,
CP033377.1,,,,,,,,,,,,,,,,,,,
LT603682.1,,,,,,,,,,,,,,,,,,,
LT603681.1,"vanA,vanH-A,vanR-A*,vanS-A,vanX-A,vanY-A*",,erm(B)*,,,,,aph(3')-IIIa,,,,,,,,,,,
LT603680.1,,,,,,,,,,,,,,,,,,,
LT603679.1,,,,,,,,,,,,,,,,,,,
CP003354.1,,,,,,,,,,,,,,,,,,,
CP003353.1,,,,,,,,,,,,,,,,,,,
CP003352.1,,,,,,,,,,,,,,,,,,,
CP014452.1,"vanA*,vanH-A,vanS-A,vanX-A,vanZ-A,vanR-A*,vanY-A^",ant(6)-Ia,erm(B),,,,,aph(3')-IIIa,sat4,,,,,,,,,,
CP014451.1,,,,,,,,,,,,,,,dfrG,,,,
CP014450.1,,,,,,,,,,,,,,,,,,,