OptrA_variant,year
wild type,2015
"Y176D, G393D",2018
"G40D, Y176D, G393D",2019
"Y176D, T481P",2016
"G40D, Y176D, G393D",2019
"Y176D, G393D",2019
"Y176D, G393D",2022
"G40D, Y176D, G393D",2021
"Y176D, G393D",2020
"Y176D, I622M",2017
"Y176D, D247N, G393D, I622M",2019
"Y176D, I622M",2016
"Y176D, I622M",2015
"Y176D, G393D",2017
"Y176D, G393D",2019
wild type,2019
"Y176D, G393D",2017
"Y176D, I622M",2016
MANY,2018
"Y176D, D247N, G393D, I622M",2020
"Y176D, G393D",2017
"Y176D, G393D",2020
"T113K, S147L, Y176D, T481P",2020
wild type,2019
MANY,2019
"T113K, S147L, Y176D, T481P",2017
"Y176D, I622M",2017
wild type,2021
wild type,2020
"T113K, S147L, Y176D, T481P",2019
wild type,2019
"Y176D, G393D",2016
"T113K, S147L, Y176D, T481P",2022
wild type,2019
wild type,2019
MANY,2020
wild type,2019
wild type,2019
MANY,2019
"Y176D, I622M",2019
wild type,2020
MANY,2019
"T113K, S147L, Y176D, T481P",2019
wild type,2019
"Y176D, G393D",2019
"G40D, Y176D, G393D",2019
"Y176D, T481P",2019
"Y176D, G393D",2019
"Y176D, G393D",2019
"Y176D, G393D, I622M",2019
"T94K, Y176D",2018
"Y176D, G393D",2019
"Y176D, G393D",2019
"G40D, Y176D, G393D",2019
"G40D, Y176D, G393D",2019
wild type,2019
"G40D, Y176D, G393D",2019
"Y176D, G393D",2019
"Y176D, G393D",2019
Y176D,2019
Y176D,2019
"Y176D, I622M",2019
"T113K, S147L, Y176D, I287K",2016
"Y176D, I622M",2018
"T113K, S147L, Y176D, T481P",2018
"T113K, S147L, Y176D, T481P",2020
"Y176D, G393D",2018
"T113K, S147L, Y176D, T481P",2021
"Y176D, G393D",2020
"T113K, S147L, Y176D, T481P",2020
"T113K, S147L, Y176D, T481P",2020
"T113K, S147L, Y176D, T481P",2020
"T113K, S147L, Y176D, T481P",2020
"T113K, S147L, Y176D, T481P",2020
"Y176D, G393D",2020
"T113K, S147L, Y176D, I287K",2020
"Y176D, I622M",2020
"Y176D, I622M",2020
"T113K, S147L, Y176D, T481P",2020
"Y176D, G393D",2020
"T113K, S147L, Y176D, T481P",2020
"G40D, Y176D, G393D",2020
"Y176D, G393D",2020
Y176D,2020
"T113K, S147L, Y176D, I287K",2020
"T113K, S147L, Y176D, I287K",2020
"T113K, S147L, Y176D, I287K",2021
"T113K, S147L, Y176D, I287K",2021
"Y176D, G393D",2021
"Y176D, T481P",2021
"S147F, Y176D, I287K, A350V, G393D, S411G, T481P",2021
"T113K, S147L, Y176D, T481P",2021
"Y176D, I622M",2022
"Y176D, D247N, G393D, I622M",2021
"T94K, Y176D",2019
"T113K, S147L, Y176D, T481P",2019
Y176D,2019
"Y176D, I622M",2019
Y176D,2019
"Y176D, G393D",2019
"Y176D, I622M",2019
"Y176D, I622M",2019
Y176D,2019
Y176D,2019
"I104R, Y176D, E256K",2019
truncated,2016
MANY,2016
truncated,2016
truncated,2016
NA,2016
truncated,2016
truncated,2016
MANY,2016
truncated,2016
MANY,2016
MANY,2016
MANY,2016
truncated,2016
MANY,2016
MANY,2016
truncated,2016
MANY,2016
truncated,2016
MANY,2016
truncated,2016
MANY,2016
NA,2016
"G40D, Y176D, G393D",2019
"Y176D, I622M",2018
"Y176D, G393D",2019
"G40D, Y176D, G393D",2020
"G40D, Y176D, G393D",2018
truncated,2018
"Y176D, I622M",2021
Y176D,2015
"Y176D, L213P, I622M",2015
"Y176D, A176V, G393D",2015
NA,2015
"Y176D, I622M",2016
"Y176D, A176V, G393D",2015
"Y176D, A176V, G393D",2015
MANY,2015
"Y176D, G393D",2015
wild type,2015
"Y176D, I622M",2020
wild type,2020
"Y176D, G393D",2020
"Y176D, I622M",2019
"G40D, Y176D, G393D",2019