year,OptrA_variant
2011,"Y176D, I622M"
2011,"Y176D, I622M"
2012,D401E
2012,G393D
2012,"I104R, Y176D, E256K"
2012,"T112K, Y176D"
2012,"T112K, Y176D"
2012,wild type
2012,"Y176D, G393D"
2013,"T112K, Y176D"
2013,"Y176D, A350V, G393D"
2013,"Y176D, G393D, I622M"
2013,"Y176D, G393D, I622M"
2014,"I104R, Y176D, E256K"
2014,MANY
2014,wild type
2014,wild type
2014,"Y176D, I622M"
2015,"G87D, Y176D, G393D"
2015,"I104R, Y176D, E256K"
2015,MANY
2015,MANY
2015,"T112K, Y176D"
2015,wild type
2015,wild type
2015,wild type
2015,wild type
2015,"Y176D, D247N, G393D, I622M"
2015,"Y176D, G393D"
2015,"Y176D, G393D"
2015,"Y176D, T481P"
2015,"Y176D, T481P"
2016,"I104R, Y176D, E256K"
2016,"I104R, Y176D, E256K"
2016,"I104R, Y176D, E256K"
2016,"I104R, Y176D, E256K"
2016,"I104R, Y176D, E256K"
2016,"I104R, Y176D, E256K"
2016,MANY
2016,MANY
2016,"T112K, Y176D"
2016,"T112K, Y176D"
2016,"T112K, Y176D"
2016,"T112K, Y176D"
2016,"T112K, Y176D"
2016,"T112K, Y176D, T481P"
2016,"T112K, Y176D, T481P"
2016,wild type
2016,wild type
2016,wild type
2016,wild type
2016,wild type
2016,wild type
2016,wild type
2016,wild type
2016,Y176D
2016,Y176D
2016,Y176D
2016,Y176D
2016,Y176D
2016,"Y176D, G393D"
2016,"Y176D, G393D"
2016,"Y176D, G393D"
2016,"Y176D, G393D"
2016,"Y176D, G393D"
2016,"Y176D, G393D"
2016,"Y176D, G393D"
2016,"Y176D, G393D"
2016,"Y176D, G393D"
2016,"Y176D, G394S"
2016,"Y176D, I622M"
2016,"Y176D, I622M"
2016,"Y176D, I622M"
2016,"Y176D, I622M"
2016,"Y176D, T481P"
2016,"Y176D, T481P"
2016,"Y176D, T481P"
2016,"Y176D, T481P"
2016,"Y176D, T481P"
2017,"I104R, Y176D, E256K"
2017,"I104R, Y176D, E256K"
2017,"I104R, Y176D, E256K"
2017,"I104R, Y176D, E256K"
2017,"I104R, Y176D, E256K"
2017,MANY
2017,Q219H
2017,"T112K, Y176D"
2017,wild type
2017,wild type
2017,wild type
2017,wild type
2017,wild type
2017,wild type
2017,wild type
2017,wild type
2017,wild type
2017,wild type
2017,wild type
2017,Y176D
2017,"Y176D, G393D"
2017,"Y176D, G393D"
2017,"Y176D, G393D"
2017,"Y176D, G393D"
2017,"Y176D, G393D"
2017,"Y176D, G393D"
2017,"Y176D, I622M"
2017,"Y176D, I622M"
2017,"Y176D, T481P"
2017,"Y176D, T481P"
2017,"Y176D, T481P"
2017,"Y176D, T481P"
2017,"Y176D, T481P"
2018,"G40N, G393D"
2018,"I104R, Y176D, E256K"
2018,"I104R, Y176D, E256K"
2018,"I104R, Y176D, E256K"
2018,"I104R, Y176D, E256K"
2018,"I104R, Y176D, E256K"
2018,"I104R, Y176D, E256K"
2018,"I104R, Y176D, E256K"
2018,"I104R, Y176D, E256K"
2018,"I104R, Y176D, E256K"
2018,"I104R, Y176D, E256K"
2018,"I104R, Y176D, E256K"
2018,"I104R, Y176D, E256K"
2018,"I104R, Y176D, E256K"
2018,"I104R, Y176D, E256K"
2018,"I104R, Y176D, E256K"
2018,MANY
2018,wild type
2018,wild type
2018,wild type
2018,wild type
2018,wild type
2018,wild type
2018,wild type
2018,wild type
2018,wild type
2018,Y176D
2018,Y176D
2018,"Y176D, D247N, G393D, I622M"
2018,"Y176D, G393D"
2018,"Y176D, I622M"
2018,"Y176D, T481P"
2018,"Y176D, T481P"
2018,"Y176D, T481P"
2019,D401E
2019,"I104R, Y176D, E256K"
2019,"I104R, Y176D, E256K"
2019,"I104R, Y176D, E256K"
2019,"I104R, Y176D, E256K"
2019,"I104R, Y176D, E256K"
2019,"I104R, Y176D, E256K"
2019,"I104R, Y176D, E256K"
2019,"I104R, Y176D, E256K"
2019,"I104R, Y176D, E256K"
2019,"I104R, Y176D, E256K"
2019,"I104R, Y176D, E256K"
2019,"I104R, Y176D, E256K"
2019,"I104R, Y176D, E256K"
2019,"I104R, Y176D, E256K"
2019,"I104R, Y176D, E256K"
2019,"I104R, Y176D, E256K"
2019,"I104R, Y176D, E256K"
2019,MANY
2019,MANY
2019,MANY
2019,MANY
2019,MANY
2019,MANY
2019,MANY
2019,NA
2019,"T112K, S147L, Y176D, T481P"
2019,"T112K, S147L, Y176D, T481P"
2019,"T112K, Y176D"
2019,"T112K, Y176D"
2019,"T112K, Y176D"
2019,"T112K, Y176D"
2019,"T112K, Y176D"
2019,"T112K, Y176D"
2019,wild type
2019,wild type
2019,wild type
2019,wild type
2019,wild type
2019,wild type
2019,wild type
2019,wild type
2019,wild type
2019,wild type
2019,wild type
2019,wild type
2019,wild type
2019,wild type
2019,wild type
2019,wild type
2019,wild type
2019,wild type
2019,wild type
2019,wild type
2019,wild type
2019,wild type
2019,wild type
2019,wild type
2019,wild type
2019,wild type
2019,wild type
2019,wild type
2019,wild type
2019,wild type
2019,wild type
2019,wild type
2019,wild type
2019,wild type
2019,wild type
2019,wild type
2019,wild type
2019,wild type
2019,wild type
2019,wild type
2019,wild type
2019,wild type
2019,wild type
2019,wild type
2019,wild type
2019,wild type
2019,wild type
2019,wild type
2019,wild type
2019,wild type
2019,wild type
2019,wild type
2019,wild type
2019,wild type
2019,wild type
2019,wild type
2019,wild type
2019,wild type
2019,wild type
2019,wild type
2019,"Y176D, D247N, G393D, I622M"
2019,"Y176D, D247N, G393D, I622M"
2019,"Y176D, D247N, G393D, I622M"
2019,"Y176D, G393D"
2019,"Y176D, G393D"
2019,"Y176D, G393D"
2019,"Y176D, G393D"
2019,"Y176D, I622M"
2019,"Y176D, I622M"
2019,"Y176D, I622M"
2019,"Y176D, I622M"
2019,"Y176D, I622M"
2019,"Y176D, I622M"
2019,"Y176D, I622M"
2019,"Y176D, T481P"
2019,"Y176D, T481P"
2019,"Y176D, T481P"
2019,"Y176D, T481P"
2019,"Y176D, T481P"
2019,"Y176D, T481P"
2019,"Y176D, T481P"
2019,"Y176D, T481P"
2019,"Y176D, T481P"
2019,"Y176D, T481P"
2019,"Y176D, T481P"
2020,"G40N, I287K, I622M"
2020,"I104R, Y176D, E256K"
2020,"I104R, Y176D, E256K"
2020,"I104R, Y176D, E256K"
2020,"I104R, Y176D, E256K"
2020,MANY
2020,MANY
2020,MANY
2020,NA
2020,"T112K, Y176D"
2020,"T112K, Y176D"
2020,"T112K, Y176D"
2020,"T112K, Y176D"
2020,"T112K, Y176D"
2020,truncated
2020,wild type
2020,wild type
2020,wild type
2020,wild type
2020,wild type
2020,wild type
2020,wild type
2020,wild type
2020,wild type
2020,wild type
2020,wild type
2020,wild type
2020,wild type
2020,wild type
2020,"Y176D, G393D"
2020,"Y176D, G393D"
2020,"Y176D, G393D"
2020,"Y176D, G393D"
2020,"Y176D, I622M"
2020,"Y176D, T481P"
2020,"Y176D, T481P"
2021,"G40N, I287K, G393D"
2021,"G40N, I287K, G393D"
2021,"G40N, I287K, G393D"
2021,"G40N, I287K, G393D"
2021,"G40N, I287K, G393D"
2021,"I104R, Y176D, E256K"
2021,"I104R, Y176D, E256K"
2021,"I104R, Y176D, E256K"
2021,"I104R, Y176D, E256K"
2021,"I104R, Y176D, E256K"
2021,"I104R, Y176D, E256K"
2021,"I104R, Y176D, E256K"
2021,"I104R, Y176D, E256K"
2021,"I104R, Y176D, E256K"
2021,"I104R, Y176D, E256K"
2021,"I104R, Y176D, E256K"
2021,"I104R, Y176D, E256K"
2021,"I104R, Y176D, E256K"
2021,"I104R, Y176D, E256K"
2021,"I104R, Y176D, E256K"
2021,"I104R, Y176D, E256K"
2021,"I104R, Y176D, E256K"
2021,"I104R, Y176D, E256K"
2021,"I104R, Y176D, E256K"
2021,"I104R, Y176D, E256K"
2021,"I104R, Y176D, E256K"
2021,"I104R, Y176D, E256K"
2021,"I104R, Y176D, E256K"
2021,"I104R, Y176D, E256K"
2021,"I104R, Y176D, E256K"
2021,"I104R, Y176D, E256K"
2021,"I104R, Y176D, E256K"
2021,"I104R, Y176D, E256K"
2021,"S147F, I287K"
2021,"T112K, Y176D"
2021,"T112K, Y176D"
2021,"T112K, Y176D"
2021,"T112K, Y176D"
2021,"T112K, Y176D"
2021,"T112K, Y176D"
2021,"T112K, Y176D, T481P"
2021,truncated
2021,wild type
2021,wild type
2021,wild type
2021,wild type
2021,wild type
2021,wild type
2021,wild type
2021,wild type
2021,wild type
2021,wild type
2021,wild type
2021,wild type
2021,wild type
2021,wild type
2021,wild type
2021,wild type
2021,wild type
2021,wild type
2021,wild type
2021,wild type
2021,wild type
2021,wild type
2021,wild type
2021,wild type
2021,wild type
2021,wild type
2021,wild type
2021,wild type
2021,wild type
2021,Y176D
2021,Y176D
2021,"Y176D, D247N, G393D, I622M"
2021,"Y176D, D247N, G393D, I622M"
2021,"Y176D, D247N, G393D, I622M"
2021,"Y176D, D247N, G393D, I622M"
2021,"Y176D, G393D"
2021,"Y176D, G393D"
2021,"Y176D, G393D"
2021,"Y176D, I622M"
2021,"Y176D, I622M"
2021,"Y176D, T481P"
2021,"Y176D, T481P"
2021,"Y176D, T481P"
2021,"Y176D, T481P"
2021,"Y176D, T481P"
2021,"Y176D, T481P"
2021,"Y176D, T481P"
2021,"Y176D, T481P"
2021,"Y176D, T481P"
2021,"Y176D, T481P"
2022,"G40N, G393D"
2022,"G40N, G393D"
2022,"I104R, Y176D, E256K"
2022,"I104R, Y176D, E256K"
2022,"I104R, Y176D, E256K"
2022,"I104R, Y176D, E256K"
2022,"I104R, Y176D, E256K"
2022,"I104R, Y176D, E256K"
2022,"I104R, Y176D, E256K"
2022,"I104R, Y176D, E256K"
2022,MANY
2022,MANY
2022,"T112K, Y176D"
2022,wild type
2022,wild type
2022,wild type
2022,wild type
2022,wild type
2022,"Y176D, D247N, G393D, I622M"
2022,"Y176D, G393D"
2022,"Y176D, G393D"
2022,"Y176D, T481P"
2023,"T112K, Y176D"